Date,Price (USD),Volume
Jan 21 2022 01: +0,10.675,76680
Jan 22 2022 01: +0,6.173,70330
Jan 23 2022 01: +0,4.914,62767
Jan 24 2022 01: +0,4.328,52950
Jan 25 2022 01: +0,3.996,51942
Jan 26 2022 01: +0,3.329,52060
Jan 27 2022 01: +0,3.007,53145
Jan 28 2022 01: +0,2.833,58964
Jan 29 2022 01: +0,2.639,62989
Jan 30 2022 01: +0,2.32,62221
Jan 31 2022 01: +0,2.149,57524
Feb 01 2022 01: +0,2.253,52495
Feb 02 2022 01: +0,2.249,53070
Feb 03 2022 01: +0,2.177,52633
Feb 04 2022 01: +0,2.091,56569
Feb 05 2022 01: +0,2.028,59364
Feb 06 2022 01: +0,1.827,59430
Feb 07 2022 01: +0,1.677,57285
Feb 08 2022 01: +0,1.595,53459
Feb 09 2022 01: +0,1.458,54600
Feb 10 2022 01: +0,1.478,53461
Feb 11 2022 01: +0,1.53,57660
Feb 12 2022 01: +0,1.537,61756
Feb 13 2022 01: +0,1.478,58925
Feb 14 2022 01: +0,1.371,49140
Feb 15 2022 01: +0,1.348,51438
Feb 16 2022 01: +0,1.382,52438
Feb 17 2022 01: +0,1.376,50224
Feb 18 2022 01: +0,1.37,57686
Feb 19 2022 01: +0,1.347,61149
Feb 20 2022 01: +0,1.248,59893
Feb 21 2022 01: +0,1.2,56376
Feb 22 2022 01: +0,1.207,58730
Feb 23 2022 01: +0,1.187,58204
Feb 24 2022 01: +0,1.225,53002
Feb 25 2022 01: +0,1.265,58059
Feb 26 2022 01: +0,1.254,66558
Feb 27 2022 01: +0,1.242,62683
Feb 28 2022 01: +0,1.227,56121
Mar 01 2022 01: +0,1.204,57626
Mar 02 2022 01: +0,1.23,56339
Mar 03 2022 01: +0,1.227,56902
Mar 04 2022 01: +0,1.234,59890
Mar 05 2022 01: +0,1.256,69650
Mar 06 2022 01: +0,1.187,68673
Mar 07 2022 01: +0,1.065,68553
Mar 08 2022 01: +0,1.056,71533
Mar 09 2022 01: +0,1.098,60024
Mar 10 2022 01: +0,1.082,61943
Mar 11 2022 01: +0,1.124,68506
Mar 12 2022 01: +0,1.146,76947
Mar 13 2022 01: +0,1.151,73347
Mar 14 2022 01: +0,1.172,57287
Mar 15 2022 01: +0,1.164,57255
Mar 16 2022 01: +0,1.176,57338
Mar 17 2022 01: +0,1.148,58458
Mar 18 2022 01: +0,1.137,63121
Mar 19 2022 01: +0,1.148,72816
Mar 20 2022 01: +0,1.127,68061
Mar 21 2022 01: +0,1.114,60351
Mar 22 2022 01: +0,1.117,57958
Mar 23 2022 01: +0,1.11,57944
Mar 24 2022 01: +0,1.128,58732
Mar 25 2022 01: +0,1.189,63467
Mar 26 2022 01: +0,1.203,65117
Mar 27 2022 01: +0,1.21,67185
Mar 28 2022 01: +0,1.215,55303
Mar 29 2022 01: +0,1.197,56042
Mar 30 2022 01: +0,1.213,51545
Mar 31 2022 01: +0,1.225,54058
Apr 01 2022 01: +0,1.267,60078
Apr 02 2022 01: +0,1.292,68181
Apr 03 2022 01: +0,1.311,66939
Apr 04 2022 01: +0,1.325,55462
Apr 05 2022 01: +0,1.331,51848
Apr 06 2022 01: +0,1.341,49665
Apr 07 2022 01: +0,1.368,50813
Apr 08 2022 01: +0,1.4,56996
Apr 09 2022 01: +0,1.422,62703
Apr 10 2022 01: +0,1.42,62053
Apr 11 2022 01: +0,1.414,55426
Apr 12 2022 01: +0,1.367,52563
Apr 13 2022 01: +0,1.309,51462
Apr 14 2022 01: +0,1.3,55029
Apr 15 2022 01: +0,1.315,59582
Apr 16 2022 01: +0,1.331,62449
Apr 17 2022 01: +0,1.329,58267
Apr 18 2022 01: +0,1.319,53686
Apr 19 2022 01: +0,1.307,53213
Apr 20 2022 01: +0,1.297,51123
Apr 21 2022 01: +0,1.298,54471
Apr 22 2022 01: +0,1.323,59586
Apr 23 2022 01: +0,1.346,62779
Apr 24 2022 01: +0,1.322,59161
Apr 25 2022 01: +0,1.312,53937
Apr 26 2022 01: +0,1.329,53696
Apr 27 2022 01: +0,1.332,55274
Apr 28 2022 01: +0,1.326,53541
Apr 29 2022 01: +0,1.355,60701
Apr 30 2022 01: +0,1.351,61627
May 01 2022 01: +0,1.334,63598
May 02 2022 01: +0,1.313,58577
May 03 2022 01: +0,1.302,55225
May 04 2022 01: +0,1.254,72325
May 05 2022 01: +0,1.233,58606
May 06 2022 01: +0,1.211,62118
May 07 2022 01: +0,1.206,63787
May 08 2022 01: +0,1.184,66450
May 09 2022 01: +0,1.173,56423
May 10 2022 01: +0,1.166,57158
May 11 2022 01: +0,1.159,56839
May 12 2022 01: +0,1.182,57135
May 13 2022 01: +0,1.196,57378
May 14 2022 01: +0,1.181,62507
May 15 2022 01: +0,1.169,64971
May 16 2022 01: +0,1.175,54291
May 17 2022 01: +0,1.164,56266
May 18 2022 01: +0,1.174,58603
May 19 2022 01: +0,1.163,55946
May 20 2022 01: +0,1.153,59992
May 21 2022 01: +0,1.153,68994
May 22 2022 01: +0,1.142,70473
May 23 2022 01: +0,1.123,61343
May 24 2022 01: +0,1.103,64517
May 25 2022 01: +0,1.079,64783
May 26 2022 01: +0,1.083,66628
May 27 2022 01: +0,1.088,65926
May 28 2022 01: +0,1.105,68560
May 29 2022 01: +0,1.088,69205
May 30 2022 01: +0,1.089,63754
May 31 2022 01: +0,1.084,63625
Jun 01 2022 01: +0,1.092,60899
Jun 02 2022 01: +0,1.113,62254
Jun 03 2022 01: +0,1.079,71718
Jun 04 2022 01: +0,1.074,70645
Jun 05 2022 01: +0,1.053,70711
Jun 06 2022 01: +0,1.033,58737
Jun 07 2022 01: +0,0.995,61721
Jun 08 2022 01: +0,0.965,61312
Jun 09 2022 01: +0,0.946,64706
Jun 10 2022 01: +0,0.969,63994
Jun 11 2022 01: +0,0.975,64359
Jun 12 2022 01: +0,0.966,63423
Jun 13 2022 01: +0,0.908,60910
Jun 14 2022 01: +0,0.843,59340
Jun 15 2022 01: +0,0.827,62715
Jun 16 2022 01: +0,0.82,64717
Jun 17 2022 01: +0,0.821,63432
Jun 18 2022 01: +0,0.832,67015
Jun 19 2022 01: +0,0.832,65912
Jun 20 2022 01: +0,0.815,61480
Jun 21 2022 01: +0,0.783,58181
Jun 22 2022 01: +0,0.758,62336
Jun 23 2022 01: +0,0.764,58953
Jun 24 2022 01: +0,0.762,62188
Jun 25 2022 01: +0,0.781,67480
Jun 26 2022 01: +0,0.777,65893
Jun 27 2022 01: +0,0.766,60648
Jun 28 2022 01: +0,0.758,61817
Jun 29 2022 01: +0,0.792,62448
Jun 30 2022 01: +0,0.832,62953
Jul 01 2022 01: +0,0.884,71615
Jul 02 2022 01: +0,0.881,88171
Jul 03 2022 01: +0,0.836,73363
Jul 04 2022 01: +0,0.801,69808
Jul 05 2022 01: +0,0.796,69630
Jul 06 2022 01: +0,0.792,72192
Jul 07 2022 01: +0,0.807,67915
Jul 08 2022 01: +0,0.84,65169
Jul 09 2022 01: +0,0.852,67313
Jul 10 2022 01: +0,0.872,71755
Jul 11 2022 01: +0,0.835,64397
Jul 12 2022 01: +0,0.845,66781
Jul 13 2022 01: +0,0.838,58524
Jul 14 2022 01: +0,0.826,65092
Jul 15 2022 01: +0,0.846,62933
Jul 16 2022 01: +0,0.855,64902
Jul 17 2022 01: +0,0.84,64614
Jul 18 2022 01: +0,0.837,64761
Jul 19 2022 01: +0,0.842,66515
Jul 20 2022 01: +0,0.838,58212
Jul 21 2022 01: +0,0.836,71154
Jul 22 2022 01: +0,0.843,64823
Jul 23 2022 01: +0,0.855,66734
Jul 24 2022 01: +0,0.858,69211
Jul 25 2022 01: +0,0.856,63395
Jul 26 2022 01: +0,0.854,65046
Jul 27 2022 01: +0,0.851,64122
Jul 28 2022 01: +0,0.866,64981
Jul 29 2022 01: +0,0.871,62357
Jul 30 2022 01: +0,0.887,68018
Jul 31 2022 01: +0,0.869,66696
Aug 01 2022 01: +0,0.869,61888
Aug 02 2022 01: +0,0.849,70894
Aug 03 2022 01: +0,0.854,70414
Aug 04 2022 01: +0,0.86,66336
Aug 05 2022 01: +0,0.866,64888
Aug 06 2022 01: +0,0.868,65537
Aug 07 2022 01: +0,0.869,70114
Aug 08 2022 01: +0,0.857,65926
Aug 09 2022 01: +0,0.861,37273
Aug 10 2022 01: +0,0.841,70855
Aug 11 2022 01: +0,0.834,64259
Aug 12 2022 01: +0,0.847,63064
Aug 13 2022 01: +0,0.857,69326
Aug 14 2022 01: +0,0.835,65266
Aug 15 2022 01: +0,0.815,59831
Aug 16 2022 01: +0,0.816,66074
Aug 17 2022 01: +0,0.793,83377
Aug 18 2022 01: +0,0.794,73119
Aug 19 2022 01: +0,0.793,75308
Aug 20 2022 01: +0,0.783,71365
Aug 21 2022 01: +0,0.771,71740
Aug 22 2022 01: +0,0.768,69192
Aug 23 2022 01: +0,0.771,69869
Aug 24 2022 01: +0,0.754,68965
Aug 25 2022 01: +0,0.753,69040
Aug 26 2022 01: +0,0.755,65364
Aug 27 2022 01: +0,0.765,66959
Aug 28 2022 01: +0,0.768,71180
Aug 29 2022 01: +0,0.765,69019
Aug 30 2022 01: +0,0.768,70030
Aug 31 2022 01: +0,0.779,70082
Sep 01 2022 01: +0,0.781,65259
Sep 02 2022 01: +0,0.791,71385
Sep 03 2022 01: +0,0.799,74513
Sep 04 2022 01: +0,0.79,68738
Sep 05 2022 01: +0,0.806,63046
Sep 06 2022 01: +0,0.801,60563
Sep 07 2022 01: +0,0.786,61630
Sep 08 2022 01: +0,0.801,64851
Sep 09 2022 01: +0,0.809,67668
Sep 10 2022 01: +0,0.821,76330
Sep 11 2022 01: +0,0.826,75964
Sep 12 2022 01: +0,0.832,60480
Sep 13 2022 01: +0,0.816,58916
Sep 14 2022 01: +0,0.806,61055
Sep 15 2022 01: +0,0.799,60731
Sep 16 2022 01: +0,0.79,68508
Sep 17 2022 01: +0,0.771,71523
Sep 18 2022 01: +0,0.754,71551
Sep 19 2022 01: +0,0.743,59330
Sep 20 2022 01: +0,0.744,62475
Sep 21 2022 01: +0,0.727,60129
Sep 22 2022 01: +0,0.731,57739
Sep 23 2022 01: +0,0.725,63921
Sep 24 2022 01: +0,0.719,70002
Sep 25 2022 01: +0,0.713,69369
Sep 26 2022 01: +0,0.714,60619
Sep 27 2022 01: +0,0.724,61198
Sep 28 2022 01: +0,0.722,57954
Sep 29 2022 01: +0,0.72,62387
Sep 30 2022 01: +0,0.719,66463
Oct 01 2022 01: +0,0.729,76154
Oct 02 2022 01: +0,0.724,74382
Oct 03 2022 01: +0,0.727,61594
Oct 04 2022 01: +0,0.725,60441
Oct 05 2022 01: +0,0.717,59932
Oct 06 2022 01: +0,0.721,58637
Oct 07 2022 01: +0,0.719,63123
Oct 08 2022 01: +0,0.722,69282
Oct 09 2022 01: +0,0.722,67958
Oct 10 2022 01: +0,0.716,60546
Oct 11 2022 01: +0,0.731,59817
Oct 12 2022 01: +0,0.714,49782
Oct 13 2022 01: +0,0.692,62946
Oct 14 2022 01: +0,0.694,49235
Oct 15 2022 01: +0,0.72,87753
Oct 16 2022 01: +0,0.723,72557
Oct 17 2022 01: +0,0.727,56185
Oct 18 2022 01: +0,0.729,56960
Oct 19 2022 01: +0,0.734,59417
Oct 20 2022 01: +0,0.752,66610
Oct 21 2022 01: +0,0.736,63450
Oct 22 2022 01: +0,0.689,82033
Oct 23 2022 01: +0,0.677,72531
Oct 24 2022 01: +0,0.681,60930
Oct 25 2022 01: +0,0.683,62264
Oct 26 2022 01: +0,0.687,61069
Oct 27 2022 01: +0,0.676,60974
Oct 28 2022 01: +0,0.685,65547
Oct 29 2022 01: +0,0.687,71822
Oct 30 2022 01: +0,0.679,71448
Oct 31 2022 01: +0,0.665,61866
Nov 01 2022 01: +0,0.682,66554
Nov 02 2022 01: +0,0.685,63546
Nov 03 2022 01: +0,0.686,61779
Nov 04 2022 01: +0,0.689,67392
Nov 05 2022 01: +0,0.699,69877
Nov 06 2022 01: +0,0.689,70661
Nov 07 2022 01: +0,0.688,58246
Nov 08 2022 01: +0,0.691,56860
Nov 09 2022 01: +0,0.681,57551
Nov 10 2022 01: +0,0.689,60796
Nov 11 2022 01: +0,0.698,65350
Nov 12 2022 01: +0,0.679,71045
Nov 13 2022 01: +0,0.662,70210
Nov 14 2022 01: +0,0.659,61759
Nov 15 2022 01: +0,0.64,59601
Nov 16 2022 01: +0,0.637,61041
Nov 17 2022 01: +0,0.626,58899
Nov 18 2022 01: +0,0.622,68381
Nov 19 2022 01: +0,0.582,74595
Nov 20 2022 01: +0,0.526,65848
Nov 21 2022 01: +0,0.496,58035
Nov 22 2022 01: +0,0.496,61298
Nov 23 2022 01: +0,0.515,70068
Nov 24 2022 01: +0,0.519,61911
Nov 25 2022 01: +0,0.521,66743
Nov 26 2022 01: +0,0.506,73719
Nov 27 2022 01: +0,0.494,67878
Nov 28 2022 01: +0,0.463,63484
Nov 29 2022 01: +0,0.456,59834
Nov 30 2022 01: +0,0.472,57664
Dec 01 2022 01: +0,0.481,58290
Dec 02 2022 01: +0,0.514,63324
Dec 03 2022 01: +0,0.52,73167
Dec 04 2022 01: +0,0.505,64854
Dec 05 2022 01: +0,0.488,53853
Dec 06 2022 01: +0,0.469,54159
Dec 07 2022 01: +0,0.47,57505
Dec 08 2022 01: +0,0.472,58252
Dec 09 2022 01: +0,0.479,58462
Dec 10 2022 01: +0,0.48,66292
Dec 11 2022 01: +0,0.468,67502
Dec 12 2022 01: +0,0.468,57853
Dec 13 2022 01: +0,0.456,55670
Dec 14 2022 01: +0,0.449,62774
Dec 15 2022 01: +0,0.453,60859
Dec 16 2022 01: +0,0.449,63075
Dec 17 2022 01: +0,0.442,69089
Dec 18 2022 01: +0,0.428,61785
Dec 19 2022 01: +0,0.42,61774
Dec 20 2022 01: +0,0.41,60726
Dec 21 2022 01: +0,0.414,60943
Dec 22 2022 01: +0,0.42,73998
Dec 23 2022 01: +0,0.437,92591
Dec 24 2022 01: +0,0.474,87040
Dec 25 2022 01: +0,0.469,74994
Dec 26 2022 01: +0,0.461,74799
Dec 27 2022 01: +0,0.458,76500
Dec 28 2022 01: +0,0.466,75997
Dec 29 2022 01: +0,0.483,75502
Dec 30 2022 01: +0,0.501,82714
Dec 31 2022 01: +0,0.542,80439
Jan 01 2023 01: +0,0.573,81971
Jan 02 2023 01: +0,0.544,76810
Jan 03 2023 01: +0,0.539,74589
Jan 04 2023 01: +0,0.54,74201
Jan 05 2023 01: +0,0.548,83594
Jan 06 2023 01: +0,0.564,73448
Jan 07 2023 01: +0,0.569,75822
Jan 08 2023 01: +0,0.563,75512
Jan 09 2023 01: +0,0.564,67750
Jan 10 2023 01: +0,0.565,67713
Jan 11 2023 01: +0,0.578,68651
Jan 12 2023 01: +0,0.572,66628
Jan 13 2023 01: +0,0.597,78196
Jan 14 2023 01: +0,0.621,84529
Jan 15 2023 01: +0,0.631,78250
Jan 16 2023 01: +0,0.624,63901
Jan 17 2023 01: +0,0.629,67376
Jan 18 2023 01: +0,0.618,67940
Jan 19 2023 01: +0,0.618,66920
Jan 20 2023 01: +0,0.627,72984
Jan 21 2023 01: +0,0.647,88829
Jan 22 2023 01: +0,0.654,82687
Jan 23 2023 01: +0,0.641,65627
Jan 24 2023 01: +0,0.64,67171
Jan 25 2023 01: +0,0.646,68536
Jan 26 2023 01: +0,0.663,70109
Jan 27 2023 01: +0,0.677,80589
Jan 28 2023 01: +0,0.688,84793
Jan 29 2023 01: +0,0.693,84904
Jan 30 2023 01: +0,0.694,70802
Jan 31 2023 01: +0,0.701,73738
Feb 01 2023 01: +0,0.706,73787
Feb 02 2023 01: +0,0.713,72991
Feb 03 2023 01: +0,0.726,77456
Feb 04 2023 01: +0,0.739,89310
Feb 05 2023 01: +0,0.729,84718
Feb 06 2023 01: +0,0.718,65422
Feb 07 2023 01: +0,0.709,67543
Feb 08 2023 01: +0,0.706,71197
Feb 09 2023 01: +0,0.7,69331
Feb 10 2023 01: +0,0.658,106365
Feb 11 2023 01: +0,0.613,109298
Feb 12 2023 01: +0,0.614,97902
Feb 13 2023 01: +0,0.632,89242
Feb 14 2023 01: +0,0.657,83075
Feb 15 2023 01: +0,0.672,82571
Feb 16 2023 01: +0,0.686,84776
Feb 17 2023 01: +0,0.697,91227
Feb 18 2023 01: +0,0.703,105548
Feb 19 2023 01: +0,0.679,97266
Feb 20 2023 01: +0,0.661,77973
Feb 21 2023 01: +0,0.646,76866
Feb 22 2023 01: +0,0.638,79842
Feb 23 2023 01: +0,0.654,84605
Feb 24 2023 01: +0,0.659,89122
Feb 25 2023 01: +0,0.675,100421
Feb 26 2023 01: +0,0.68,98630
Feb 27 2023 01: +0,0.679,83791
Feb 28 2023 01: +0,0.689,81463
Mar 01 2023 01: +0,0.705,80021
Mar 02 2023 01: +0,0.724,88569
Mar 03 2023 01: +0,0.732,94994
Mar 04 2023 01: +0,0.734,105287
Mar 05 2023 01: +0,0.729,103551
Mar 06 2023 01: +0,0.74,87224
Mar 07 2023 01: +0,0.754,94311
Mar 08 2023 01: +0,0.756,90840
Mar 09 2023 01: +0,0.774,86459
Mar 10 2023 01: +0,0.796,99661
Mar 11 2023 01: +0,0.816,105988
Mar 12 2023 01: +0,0.817,105719
Mar 13 2023 01: +0,0.823,87229
Mar 14 2023 01: +0,0.821,86380
Mar 15 2023 01: +0,0.836,85777
Mar 16 2023 01: +0,0.84,91363
Mar 17 2023 01: +0,0.864,110260
Mar 18 2023 01: +0,0.857,108001
Mar 19 2023 01: +0,0.839,107021
Mar 20 2023 01: +0,0.809,94946
Mar 21 2023 01: +0,0.805,89080
Mar 22 2023 01: +0,0.808,104057
Mar 23 2023 01: +0,0.941,147165
Mar 24 2023 01: +0,1.056,130886
Mar 25 2023 01: +0,1.226,116991
Mar 26 2023 01: +0,1.32,143140
Mar 27 2023 01: +0,1.615,123292
Mar 28 2023 01: +0,1.431,121237
Mar 29 2023 01: +0,1.357,118187
Mar 30 2023 01: +0,1.402,101276
Mar 31 2023 01: +0,1.612,115391
Apr 01 2023 01: +0,1.688,124511
Apr 02 2023 01: +0,1.612,118526
Apr 03 2023 01: +0,1.559,115407
Apr 04 2023 01: +0,1.557,102056
Apr 05 2023 01: +0,1.604,112388
Apr 06 2023 01: +0,1.66,113327
Apr 07 2023 01: +0,1.785,115855
Apr 08 2023 01: +0,1.845,105499
Apr 09 2023 01: +0,1.754,116634
Apr 10 2023 01: +0,1.703,113583
Apr 11 2023 01: +0,1.672,106551
Apr 12 2023 01: +0,1.692,105656
Apr 13 2023 01: +0,1.752,104876
Apr 14 2023 01: +0,1.866,115242
Apr 15 2023 01: +0,2.023,96259
Apr 16 2023 01: +0,2.25,96305
Apr 17 2023 01: +0,2.272,111229
Apr 18 2023 01: +0,2.313,95248
Apr 19 2023 01: +0,2.208,88041
Apr 20 2023 01: +0,1.953,121898
Apr 21 2023 01: +0,1.923,118964
Apr 22 2023 01: +0,1.826,125704
Apr 23 2023 01: +0,1.639,125653
Apr 24 2023 01: +0,1.674,125666
Apr 25 2023 01: +0,1.553,141586
Apr 26 2023 01: +0,1.431,117651
Apr 27 2023 01: +0,1.505,119701
Apr 28 2023 01: +0,1.658,123876
Apr 29 2023 01: +0,1.729,127128
Apr 30 2023 01: +0,1.704,120030
May 01 2023 01: +0,1.621,108624
May 02 2023 01: +0,1.56,101919
May 03 2023 01: +0,1.551,105404
May 04 2023 01: +0,1.592,104195
May 05 2023 01: +0,1.457,139611
May 06 2023 01: +0,1.457,123335
May 07 2023 01: +0,1.389,127262
May 08 2023 01: +0,1.315,114849
May 09 2023 01: +0,1.306,106326
May 10 2023 01: +0,1.37,104619
May 11 2023 01: +0,1.43,109729
May 12 2023 01: +0,1.469,122349
May 13 2023 01: +0,1.516,123942
May 14 2023 01: +0,1.473,110570
May 15 2023 01: +0,1.482,101399
May 16 2023 01: +0,1.469,98544
May 17 2023 01: +0,1.46,104787
May 18 2023 01: +0,1.447,101373
May 19 2023 01: +0,1.431,110275
May 20 2023 01: +0,1.421,111320
May 21 2023 01: +0,1.38,113004
May 22 2023 01: +0,1.362,99859
May 23 2023 01: +0,1.34,99227
May 24 2023 01: +0,1.337,103352
May 25 2023 01: +0,1.383,109156
May 26 2023 01: +0,1.431,121334
May 27 2023 01: +0,1.463,115130
May 28 2023 01: +0,1.456,110131
May 29 2023 01: +0,1.469,101779
May 30 2023 01: +0,1.453,91614
May 31 2023 01: +0,1.482,105657
Jun 01 2023 01: +0,1.519,111234
Jun 02 2023 01: +0,1.546,106319
Jun 03 2023 01: +0,1.531,106254
Jun 04 2023 01: +0,1.508,102321
Jun 05 2023 01: +0,1.511,94266
Jun 06 2023 01: +0,1.505,96380
Jun 07 2023 01: +0,1.522,103809
Jun 08 2023 01: +0,1.53,99646
Jun 09 2023 01: +0,1.553,102091
Jun 10 2023 01: +0,1.678,123572
Jun 11 2023 01: +0,1.691,87223
Jun 12 2023 01: +0,1.777,91807
Jun 13 2023 01: +0,1.823,67220
Jun 14 2023 01: +0,1.688,99402
Jun 15 2023 01: +0,1.599,94335
Jun 16 2023 01: +0,1.644,84637
Jun 17 2023 01: +0,1.673,80505
Jun 18 2023 01: +0,1.686,75420
Jun 19 2023 01: +0,1.684,65523
Jun 20 2023 01: +0,1.646,63933
Jun 21 2023 01: +0,1.522,98483
Jun 22 2023 01: +0,1.446,86542
Jun 23 2023 01: +0,1.42,99303
Jun 24 2023 01: +0,1.439,89868
Jun 25 2023 01: +0,1.487,77634
Jun 26 2023 01: +0,1.509,67545
Jun 27 2023 01: +0,1.527,65799
Jun 28 2023 01: +0,1.414,103578
Jun 29 2023 01: +0,1.331,100062
Jun 30 2023 01: +0,1.269,94679
Jul 01 2023 01: +0,1.28,86587
Jul 02 2023 01: +0,1.266,77775
Jul 03 2023 01: +0,1.28,72915
Jul 04 2023 01: +0,1.303,74545
Jul 05 2023 01: +0,1.228,107113
Jul 06 2023 01: +0,1.171,93861
Jul 07 2023 01: +0,1.224,94132
Jul 08 2023 01: +0,1.278,81032
Jul 09 2023 01: +0,1.279,77956
Jul 10 2023 01: +0,1.295,68942
Jul 11 2023 01: +0,1.322,66619
Jul 12 2023 01: +0,1.246,103720
Jul 13 2023 01: +0,1.243,94314
Jul 14 2023 01: +0,1.335,83732
Jul 15 2023 01: +0,1.417,87106
Jul 16 2023 01: +0,1.452,84340
Jul 17 2023 01: +0,1.481,70093
Jul 18 2023 01: +0,1.499,70006
Jul 19 2023 01: +0,1.372,105288
Jul 20 2023 01: +0,1.327,87142
Jul 21 2023 01: +0,1.387,82380
Jul 22 2023 01: +0,1.457,84795
Jul 23 2023 01: +0,1.472,78377
Jul 24 2023 01: +0,1.482,73231
Jul 25 2023 01: +0,1.476,73132
Jul 26 2023 01: +0,1.337,103786
Jul 27 2023 01: +0,1.346,92639
Jul 28 2023 01: +0,1.406,93487
Jul 29 2023 01: +0,1.437,87762
Jul 30 2023 01: +0,1.417,80909
Jul 31 2023 01: +0,1.439,76516
Aug 01 2023 01: +0,1.442,70578
Aug 02 2023 01: +0,1.327,103199
Aug 03 2023 01: +0,1.316,90992
Aug 04 2023 01: +0,1.347,89534
Aug 05 2023 01: +0,1.365,88862
Aug 06 2023 01: +0,1.361,84389
Aug 07 2023 01: +0,1.356,73816
Aug 08 2023 01: +0,1.351,72292
Aug 09 2023 01: +0,1.257,106743
Aug 10 2023 01: +0,1.224,91058
Aug 11 2023 01: +0,1.256,94318
Aug 12 2023 01: +0,1.283,83066
Aug 13 2023 01: +0,1.287,81349
Aug 14 2023 01: +0,1.295,71690
Aug 15 2023 01: +0,1.312,78151
Aug 16 2023 01: +0,1.191,114139
Aug 17 2023 01: +0,1.192,94009
Aug 18 2023 01: +0,1.229,82627
Aug 19 2023 01: +0,1.249,85490
Aug 20 2023 01: +0,1.245,81454
Aug 21 2023 01: +0,1.224,63583
Aug 22 2023 01: +0,1.218,66571
Aug 23 2023 01: +0,1.114,110077
Aug 24 2023 01: +0,1.105,94942
Aug 25 2023 01: +0,1.168,89521
Aug 26 2023 01: +0,1.201,87709
Aug 27 2023 01: +0,1.211,76374
Aug 28 2023 01: +0,1.209,65303
Aug 29 2023 01: +0,1.215,69520
Aug 30 2023 01: +0,1.107,111766
Aug 31 2023 01: +0,1.093,97776
Sep 01 2023 01: +0,1.144,101268
Sep 02 2023 01: +0,1.135,104888
Sep 03 2023 01: +0,1.154,94410
Sep 04 2023 01: +0,1.145,87605
Sep 05 2023 01: +0,1.169,73453
Sep 06 2023 01: +0,1.087,118542
Sep 07 2023 01: +0,1.062,111020
Sep 08 2023 01: +0,1.113,104587
Sep 09 2023 01: +0,1.142,101796
Sep 10 2023 01: +0,1.131,90361
Sep 11 2023 01: +0,1.16,75341
Sep 12 2023 01: +0,1.199,71995
Sep 13 2023 01: +0,1.111,119855
Sep 14 2023 01: +0,1.11,102761
Sep 15 2023 01: +0,1.145,101593
Sep 16 2023 01: +0,1.174,107343
Sep 17 2023 01: +0,1.186,96056
Sep 18 2023 01: +0,1.211,72491
Sep 19 2023 01: +0,1.234,71324
Sep 20 2023 01: +0,1.148,112419
Sep 21 2023 01: +0,1.156,91766
Sep 22 2023 01: +0,1.195,83909
Sep 23 2023 01: +0,1.21,86689
Sep 24 2023 01: +0,1.215,78204
Sep 25 2023 01: +0,1.237,62375
Sep 26 2023 01: +0,1.268,64218
Sep 27 2023 01: +0,1.233,180782
Sep 28 2023 01: +0,1.41,235799
Sep 29 2023 01: +0,1.471,187213
Sep 30 2023 01: +0,1.517,188662
Oct 01 2023 01: +0,1.579,174553
Oct 02 2023 01: +0,1.69,133520
Oct 03 2023 01: +0,1.774,124289
Oct 04 2023 01: +0,1.573,166430
Oct 05 2023 01: +0,1.537,143059
Oct 06 2023 01: +0,1.612,146714
Oct 07 2023 01: +0,1.689,144839
Oct 08 2023 01: +0,1.71,123331
Oct 09 2023 01: +0,1.719,106984
Oct 10 2023 01: +0,1.701,113800
Oct 11 2023 01: +0,1.584,152721
Oct 12 2023 01: +0,1.6,132966
Oct 13 2023 01: +0,1.661,135523
Oct 14 2023 01: +0,1.699,138788
Oct 15 2023 01: +0,1.713,122401
Oct 16 2023 01: +0,1.741,93335
Oct 17 2023 01: +0,1.752,87654
Oct 18 2023 01: +0,1.625,138078
Oct 19 2023 01: +0,1.606,114397
Oct 20 2023 01: +0,1.679,120359
Oct 21 2023 01: +0,1.688,111477
Oct 22 2023 01: +0,1.684,103193
Oct 23 2023 01: +0,1.701,79928
Oct 24 2023 01: +0,1.71,74439
Oct 25 2023 01: +0,1.588,127534
Oct 26 2023 01: +0,1.544,109670
Oct 27 2023 01: +0,1.566,108589
Oct 28 2023 01: +0,1.583,107730
Oct 29 2023 01: +0,1.578,93662
Oct 30 2023 01: +0,1.575,74817
Oct 31 2023 01: +0,1.594,80016
Nov 01 2023 01: +0,1.471,124635
Nov 02 2023 01: +0,1.419,105955
Nov 03 2023 01: +0,1.465,99938
Nov 04 2023 01: +0,1.502,98793
Nov 05 2023 01: +0,1.499,82991
Nov 06 2023 01: +0,1.517,70074
Nov 07 2023 01: +0,1.526,66719
Nov 08 2023 01: +0,1.424,107635
Nov 09 2023 01: +0,1.399,91063
Nov 10 2023 01: +0,1.431,92921
Nov 11 2023 01: +0,1.429,87084
Nov 12 2023 01: +0,1.419,75594
Nov 13 2023 01: +0,1.409,60333
Nov 14 2023 01: +0,1.372,61409
Nov 15 2023 01: +0,1.196,116986
Nov 16 2023 01: +0,1.121,101530
Nov 17 2023 01: +0,1.177,86260
Nov 18 2023 01: +0,1.231,88593
Nov 19 2023 01: +0,1.237,77741
Nov 20 2023 01: +0,1.237,58585
Nov 21 2023 01: +0,1.234,63101
Nov 22 2023 01: +0,1.126,139022
Nov 23 2023 01: +0,1.098,105116
Nov 24 2023 01: +0,1.115,97948
Nov 25 2023 01: +0,1.127,95767
Nov 26 2023 01: +0,1.118,86294
Nov 27 2023 01: +0,1.112,69529
Nov 28 2023 01: +0,1.097,65032
Nov 29 2023 01: +0,1.085,98022
Nov 30 2023 01: +0,1.075,87188
Dec 01 2023 01: +0,1.119,84053
Dec 02 2023 01: +0,1.181,85915
Dec 03 2023 01: +0,1.198,71135
Dec 04 2023 01: +0,1.208,57346
Dec 05 2023 01: +0,1.217,56729
Dec 06 2023 01: +0,1.155,102035
Dec 07 2023 01: +0,1.122,87893
Dec 08 2023 01: +0,1.134,85352
Dec 09 2023 01: +0,1.146,79125
Dec 10 2023 01: +0,1.137,70191
Dec 11 2023 01: +0,1.157,63532
Dec 12 2023 01: +0,1.166,51147
Dec 13 2023 01: +0,1.114,98321
Dec 14 2023 01: +0,1.096,86306
Dec 15 2023 01: +0,1.113,90582
Dec 16 2023 01: +0,1.141,89622
Dec 17 2023 01: +0,1.144,76532
Dec 18 2023 01: +0,1.134,58997
Dec 19 2023 01: +0,1.126,55747
Dec 20 2023 01: +0,1.082,101700
Dec 21 2023 01: +0,1.054,96172
Dec 22 2023 01: +0,1.04,101396
Dec 23 2023 01: +0,1.053,94497
Dec 24 2023 01: +0,1.056,87406
Dec 25 2023 01: +0,1.077,82153
Dec 26 2023 01: +0,1.068,73910
Dec 27 2023 01: +0,0.991,110135
Dec 28 2023 01: +0,0.961,95859
Dec 29 2023 01: +0,0.981,92094
Dec 30 2023 01: +0,1,91573
Dec 31 2023 01: +0,1.027,79602
Jan 01 2024 01: +0,1.041,85040
Jan 02 2024 01: +0,1.02,73563
Jan 03 2024 01: +0,0.94,115536
Jan 04 2024 01: +0,0.914,91053
Jan 05 2024 01: +0,0.966,85365
Jan 06 2024 01: +0,0.998,97323
Jan 07 2024 01: +0,1.006,81380
Jan 08 2024 01: +0,1.008,75265
Jan 09 2024 01: +0,0.993,70934
Jan 10 2024 01: +0,0.938,104599
Jan 11 2024 01: +0,0.922,85586
Jan 12 2024 01: +0,0.945,83773
Jan 13 2024 01: +0,0.944,88621
Jan 14 2024 01: +0,0.937,74018
Jan 15 2024 01: +0,0.936,66169
Jan 16 2024 01: +0,0.92,59510
Jan 17 2024 01: +0,0.837,96909
Jan 18 2024 01: +0,0.793,87328
Jan 19 2024 01: +0,0.805,90434
Jan 20 2024 01: +0,0.801,89144
Jan 21 2024 01: +0,0.786,78217
Jan 22 2024 01: +0,0.758,70820
Jan 23 2024 01: +0,0.738,65658
Jan 24 2024 01: +0,0.684,99682
Jan 25 2024 01: +0,0.661,87015
Jan 26 2024 01: +0,0.709,89143
Jan 27 2024 01: +0,0.735,79347
Jan 28 2024 01: +0,0.731,71171
Jan 29 2024 01: +0,0.73,62117
Jan 30 2024 01: +0,0.735,65263
Jan 31 2024 01: +0,0.705,97166
Feb 01 2024 01: +0,0.698,89810
Feb 02 2024 01: +0,0.73,85861
Feb 03 2024 01: +0,0.75,87892
Feb 04 2024 01: +0,0.765,79259
Feb 05 2024 01: +0,0.776,66079
Feb 06 2024 01: +0,0.765,63385
Feb 07 2024 01: +0,0.672,180388
Feb 08 2024 01: +0,0.678,132437
Feb 09 2024 01: +0,0.735,132271
Feb 10 2024 01: +0,0.766,128673
Feb 11 2024 01: +0,0.808,119207
Feb 12 2024 01: +0,0.839,107184
Feb 13 2024 01: +0,0.844,107400
Feb 14 2024 01: +0,0.76,144222
Feb 15 2024 01: +0,0.751,121984
Feb 16 2024 01: +0,0.762,113283
Feb 17 2024 01: +0,0.768,119770
Feb 18 2024 01: +0,0.758,105744
Feb 19 2024 01: +0,0.766,96901
Feb 20 2024 01: +0,0.765,93986
Feb 21 2024 01: +0,0.715,137407
Feb 22 2024 01: +0,0.704,114110
Feb 23 2024 01: +0,0.731,118626
Feb 24 2024 01: +0,0.751,109609
Feb 25 2024 01: +0,0.772,98514
Feb 26 2024 01: +0,0.79,76935
Feb 27 2024 01: +0,0.812,86315
Feb 28 2024 01: +0,0.783,137577
Feb 29 2024 01: +0,0.834,123003
Mar 01 2024 01: +0,0.876,119342
Mar 02 2024 01: +0,0.916,110677
Mar 03 2024 01: +0,0.931,99270
Mar 04 2024 01: +0,0.961,81502
Mar 05 2024 01: +0,0.946,81219
Mar 06 2024 01: +0,0.885,131215
Mar 07 2024 01: +0,0.883,109397
Mar 08 2024 01: +0,0.904,101237
Mar 09 2024 01: +0,0.933,101805
Mar 10 2024 01: +0,0.928,96934
Mar 11 2024 01: +0,0.924,76861
Mar 12 2024 01: +0,0.905,76981
Mar 13 2024 01: +0,0.836,127423
Mar 14 2024 01: +0,0.824,138649
Mar 15 2024 01: +0,0.864,128755
Mar 16 2024 01: +0,0.924,126108
Mar 17 2024 01: +0,0.944,106072
Mar 18 2024 01: +0,0.955,85148
Mar 19 2024 01: +0,0.97,84021
Mar 20 2024 01: +0,0.945,141105
Mar 21 2024 01: +0,0.933,124140
Mar 22 2024 01: +0,0.997,105156
Mar 23 2024 01: +0,1.004,100456
Mar 24 2024 01: +0,1.008,96155
Mar 25 2024 01: +0,1.035,75872
Mar 26 2024 01: +0,1.047,79057
Mar 27 2024 01: +0,0.99,137607
Mar 28 2024 01: +0,1.009,114234
Mar 29 2024 01: +0,1.035,109756
Mar 30 2024 01: +0,1.057,95681
Mar 31 2024 01: +0,1.076,90030
Apr 01 2024 01: +0,1.077,79536
Apr 02 2024 01: +0,1.066,84043
Apr 03 2024 01: +0,0.985,128008
Apr 04 2024 01: +0,0.989,102964
Apr 05 2024 01: +0,1.024,91661
Apr 06 2024 01: +0,1.033,98617
Apr 07 2024 01: +0,1.034,88122
Apr 08 2024 01: +0,1.05,80317
Apr 09 2024 01: +0,1.032,79879
Apr 10 2024 01: +0,0.968,114643
Apr 11 2024 01: +0,0.953,92805
Apr 12 2024 01: +0,1.002,95509
Apr 13 2024 01: +0,1.009,94034
Apr 14 2024 01: +0,1.03,87640
Apr 15 2024 01: +0,1.047,79233
Apr 16 2024 01: +0,1.044,72692
Apr 17 2024 01: +0,0.972,118032
Apr 18 2024 01: +0,0.963,97782
Apr 19 2024 01: +0,0.992,95044
Apr 20 2024 01: +0,0.991,90041
Apr 21 2024 01: +0,0.981,82220
Apr 22 2024 01: +0,0.984,75840
Apr 23 2024 01: +0,0.989,74188
Apr 24 2024 01: +0,0.937,115709
Apr 25 2024 01: +0,0.939,100047
Apr 26 2024 01: +0,0.904,115547
Apr 27 2024 01: +0,0.924,100823
Apr 28 2024 01: +0,0.926,90125
Apr 29 2024 01: +0,0.932,72924
Apr 30 2024 01: +0,0.942,89354
May 01 2024 01: +0,0.895,137598
May 02 2024 01: +0,0.908,97704
May 03 2024 01: +0,0.933,89619
May 04 2024 01: +0,0.938,90790
May 05 2024 01: +0,0.943,89291
May 06 2024 01: +0,0.935,76036
May 07 2024 01: +0,0.925,77038
May 08 2024 01: +0,0.888,124705
May 09 2024 01: +0,0.907,107750
May 10 2024 01: +0,0.926,92862
May 11 2024 01: +0,0.94,92688
May 12 2024 01: +0,0.96,92420
May 13 2024 01: +0,0.973,77837
May 14 2024 01: +0,0.989,73881
May 15 2024 01: +0,0.942,117955
May 16 2024 01: +0,0.948,100026
May 17 2024 01: +0,0.967,100124
May 18 2024 01: +0,0.958,96732
May 19 2024 01: +0,0.951,92740
May 20 2024 01: +0,0.924,84246
May 21 2024 01: +0,0.858,97231
May 22 2024 01: +0,0.765,115292
May 23 2024 01: +0,0.807,106256
May 24 2024 01: +0,0.832,114931
May 25 2024 01: +0,0.883,105563
May 26 2024 01: +0,0.908,89249
May 27 2024 01: +0,0.901,85162
May 28 2024 01: +0,0.878,80164
May 29 2024 01: +0,0.829,114792
May 30 2024 01: +0,0.924,124702
May 31 2024 01: +0,0.961,97186
Jun 01 2024 01: +0,0.985,91684
Jun 02 2024 01: +0,1.004,81138
Jun 03 2024 01: +0,1.054,81712
Jun 04 2024 01: +0,1.079,91058
Jun 05 2024 01: +0,1.033,116763
Jun 06 2024 01: +0,1.001,96516
Jun 07 2024 01: +0,1.027,87704
Jun 08 2024 01: +0,0.989,109224
Jun 09 2024 01: +0,0.996,91392
Jun 10 2024 01: +0,1.026,83280
Jun 11 2024 01: +0,1.023,79190
Jun 12 2024 01: +0,0.953,115795
Jun 13 2024 01: +0,0.974,106109
Jun 14 2024 01: +0,1.025,113089
Jun 15 2024 01: +0,1.021,91197
Jun 16 2024 01: +0,1.036,83672
Jun 17 2024 01: +0,1.022,83153
Jun 18 2024 01: +0,1.012,80010
Jun 19 2024 01: +0,0.963,119003
Jun 20 2024 01: +0,0.962,102901
Jun 21 2024 01: +0,0.99,92713
Jun 22 2024 01: +0,1.021,87008
Jun 23 2024 01: +0,1.034,85777
Jun 24 2024 01: +0,1.052,78586
Jun 25 2024 01: +0,1.075,77953
Jun 26 2024 01: +0,1.022,126472
Jun 27 2024 01: +0,1.022,112719
Jun 28 2024 01: +0,0.993,116086
Jun 29 2024 01: +0,1.024,104341
Jun 30 2024 01: +0,1.041,97641
Jul 01 2024 01: +0,1.057,81850
Jul 02 2024 01: +0,1.076,89333
Jul 03 2024 01: +0,1.049,129411
Jul 04 2024 01: +0,1.05,104912
Jul 05 2024 01: +0,1.059,92953
Jul 06 2024 01: +0,1.068,89870
Jul 07 2024 01: +0,1.07,87433
Jul 08 2024 01: +0,1.049,75421
Jul 09 2024 01: +0,1.059,76324
Jul 10 2024 01: +0,1.003,130645
Jul 11 2024 01: +0,0.975,99468
Jul 12 2024 01: +0,1.018,91977
Jul 13 2024 01: +0,1.038,77745
Jul 14 2024 01: +0,1.062,77736
Jul 15 2024 01: +0,1.077,66112
Jul 16 2024 01: +0,1.082,71295
Jul 17 2024 01: +0,1.028,97139
Jul 18 2024 01: +0,1.028,83497
Jul 19 2024 01: +0,1.066,87127
Jul 20 2024 01: +0,1.075,77611
Jul 21 2024 01: +0,1.078,69881
Jul 22 2024 01: +0,1.077,64689
Jul 23 2024 01: +0,1.098,69690
Jul 24 2024 01: +0,1.042,110634
Jul 25 2024 01: +0,1.049,98405
Jul 26 2024 01: +0,1.077,84338
Jul 27 2024 01: +0,1.095,81396
Jul 28 2024 01: +0,1.093,71490
Jul 29 2024 01: +0,1.096,66061
Jul 30 2024 01: +0,1.096,66838
Jul 31 2024 01: +0,1.077,111679
Aug 01 2024 01: +0,1.101,98386
Aug 02 2024 01: +0,1.135,102740
Aug 03 2024 01: +0,1.185,81658
Aug 04 2024 01: +0,1.206,78069
Aug 05 2024 01: +0,1.216,65304
Aug 06 2024 01: +0,1.238,65903
Aug 07 2024 01: +0,1.194,104128
Aug 08 2024 01: +0,1.176,92322
Aug 09 2024 01: +0,1.199,91643
Aug 10 2024 01: +0,1.217,82423
Aug 11 2024 01: +0,1.227,74076
Aug 12 2024 01: +0,1.234,67191
Aug 13 2024 01: +0,1.211,77674
Aug 14 2024 01: +0,1.164,110639
Aug 15 2024 01: +0,1.182,99884
Aug 16 2024 01: +0,1.227,92215
Aug 17 2024 01: +0,1.249,86017
Aug 18 2024 01: +0,1.251,92715
Aug 19 2024 01: +0,1.214,96841
Aug 20 2024 01: +0,1.181,93818
Aug 21 2024 01: +0,1.129,130848
Aug 22 2024 01: +0,1.073,97633
Aug 23 2024 01: +0,1.08,90495
Aug 24 2024 01: +0,1.124,79705
Aug 25 2024 01: +0,1.143,80802
Aug 26 2024 01: +0,1.151,66569
Aug 27 2024 01: +0,1.179,67850
Aug 28 2024 01: +0,1.105,102231
Aug 29 2024 01: +0,1.115,92040
Aug 30 2024 01: +0,1.149,84021
Aug 31 2024 01: +0,1.183,81531
Sep 01 2024 01: +0,1.19,74648
Sep 02 2024 01: +0,1.233,65286
Sep 03 2024 01: +0,1.279,94538
Sep 04 2024 01: +0,1.196,96330
Sep 05 2024 01: +0,1.224,85607
Sep 06 2024 01: +0,1.255,80377
Sep 07 2024 01: +0,1.275,79129
Sep 08 2024 01: +0,1.287,72144
Sep 09 2024 01: +0,1.307,60546
Sep 10 2024 01: +0,1.314,63930
Sep 11 2024 01: +0,1.237,97981
Sep 12 2024 01: +0,1.256,89044
Sep 13 2024 01: +0,1.324,92062
Sep 14 2024 01: +0,1.361,92615
Sep 15 2024 01: +0,1.377,77499
Sep 16 2024 01: +0,1.401,68007
Sep 17 2024 01: +0,1.408,63373
Sep 18 2024 01: +0,1.342,95291
Sep 19 2024 01: +0,1.335,86848
Sep 20 2024 01: +0,1.351,79207
Sep 21 2024 01: +0,1.354,75207
Sep 22 2024 01: +0,1.352,74955
Sep 23 2024 01: +0,1.379,60766
Sep 24 2024 01: +0,1.394,59359
Sep 25 2024 01: +0,1.333,98556
Sep 26 2024 01: +0,1.375,91637
Sep 27 2024 01: +0,1.411,78768
Sep 28 2024 01: +0,1.432,82453
Sep 29 2024 01: +0,1.469,80311
Sep 30 2024 01: +0,1.52,65909
Oct 01 2024 01: +0,1.606,68885
Oct 02 2024 01: +0,1.576,109470
Oct 03 2024 01: +0,1.345,180912
Oct 04 2024 01: +0,1.355,94811
Oct 05 2024 01: +0,1.452,86720
Oct 06 2024 01: +0,1.485,74001
Oct 07 2024 01: +0,1.518,57379
Oct 08 2024 01: +0,1.554,54940
Oct 09 2024 01: +0,1.439,97996
Oct 10 2024 01: +0,1.419,90814
Oct 11 2024 01: +0,1.431,87803
Oct 12 2024 01: +0,1.446,77937
Oct 13 2024 01: +0,1.438,69468
Oct 14 2024 01: +0,1.474,57972
Oct 15 2024 01: +0,1.514,54236
Oct 16 2024 01: +0,1.424,97382
Oct 17 2024 01: +0,1.411,83224
Oct 18 2024 01: +0,1.442,78787
Oct 19 2024 01: +0,1.454,76006
Oct 20 2024 01: +0,1.467,68671
Oct 21 2024 01: +0,1.471,56701
Oct 22 2024 01: +0,1.497,58327
Oct 23 2024 01: +0,1.436,95663
Oct 24 2024 01: +0,1.431,86518
Oct 25 2024 01: +0,1.46,77847
Oct 26 2024 01: +0,1.48,76790
Oct 27 2024 01: +0,1.491,70791
Oct 28 2024 01: +0,1.523,61137
Oct 29 2024 01: +0,1.551,62451
Oct 30 2024 01: +0,1.478,101829
Oct 31 2024 01: +0,1.498,85213
Nov 01 2024 01: +0,1.538,79358
Nov 02 2024 01: +0,1.552,73761
Nov 03 2024 01: +0,1.559,74484
Nov 04 2024 01: +0,1.586,59022
Nov 05 2024 01: +0,1.623,51569
Nov 06 2024 01: +0,1.558,93068
Nov 07 2024 01: +0,1.54,78593
Nov 08 2024 01: +0,1.556,73425
Nov 09 2024 01: +0,1.578,72578
Nov 10 2024 01: +0,1.583,65407
Nov 11 2024 01: +0,1.641,61412
Nov 12 2024 01: +0,1.672,50327
Nov 13 2024 01: +0,1.587,90834
Nov 14 2024 01: +0,1.575,85729
Nov 15 2024 01: +0,1.608,79409
Nov 16 2024 01: +0,1.625,78271
Nov 17 2024 01: +0,1.646,68263
Nov 18 2024 01: +0,1.678,56446
Nov 19 2024 01: +0,1.725,60331
Nov 20 2024 01: +0,1.674,94159
Nov 21 2024 01: +0,1.659,82667
Nov 22 2024 01: +0,1.711,76219
Nov 23 2024 01: +0,1.705,75073
Nov 24 2024 01: +0,1.719,64739
Nov 25 2024 01: +0,1.748,53240
Nov 26 2024 01: +0,1.772,50534
Nov 27 2024 01: +0,1.692,101361
Nov 28 2024 01: +0,1.585,131269
Nov 29 2024 01: +0,1.583,97333
Nov 30 2024 01: +0,1.613,85425
Dec 01 2024 01: +0,1.632,73398
Dec 02 2024 01: +0,1.667,59718
Dec 03 2024 01: +0,1.677,57848
Dec 04 2024 01: +0,1.619,100744
Dec 05 2024 01: +0,1.631,77307
Dec 06 2024 01: +0,1.668,72869
Dec 07 2024 01: +0,1.67,70711
Dec 08 2024 01: +0,1.676,62659
Dec 09 2024 01: +0,1.69,53582
Dec 10 2024 01: +0,1.711,53460
Dec 11 2024 01: +0,1.622,92663
Dec 12 2024 01: +0,1.605,75144
Dec 13 2024 01: +0,1.627,77209
Dec 14 2024 01: +0,1.635,74107
Dec 15 2024 01: +0,1.647,74895
Dec 16 2024 01: +0,1.661,64465
Dec 17 2024 01: +0,1.678,58098
Dec 18 2024 01: +0,1.594,93840
Dec 19 2024 01: +0,1.537,85067
Dec 20 2024 01: +0,1.559,89969
Dec 21 2024 01: +0,1.573,84904
Dec 22 2024 01: +0,1.602,79146
Dec 23 2024 01: +0,1.64,72051
Dec 24 2024 01: +0,1.678,70506
Dec 25 2024 01: +0,1.639,110469
Dec 26 2024 01: +0,1.629,100277
Dec 27 2024 01: +0,1.65,92914
Dec 28 2024 01: +0,1.659,85207
Dec 29 2024 01: +0,1.673,77696
Dec 30 2024 01: +0,1.699,67652
Dec 31 2024 01: +0,1.765,79313
Jan 01 2025 01: +0,1.71,118973
Jan 02 2025 01: +0,1.649,96129
Jan 03 2025 01: +0,1.68,85714
Jan 04 2025 01: +0,1.75,86042
Jan 05 2025 01: +0,1.797,82691
Jan 06 2025 01: +0,1.867,88661
Jan 07 2025 01: +0,1.958,70771
Jan 08 2025 01: +0,1.905,117535
Jan 09 2025 01: +0,1.867,89484
Jan 10 2025 01: +0,1.919,86131
Jan 11 2025 01: +0,1.936,83494
Jan 12 2025 01: +0,1.975,70013
Jan 13 2025 01: +0,1.98,54965
Jan 14 2025 01: +0,2.011,62865
Jan 15 2025 01: +0,1.834,112652
Jan 16 2025 01: +0,1.816,98662
Jan 17 2025 01: +0,1.847,87250
Jan 18 2025 01: +0,1.901,93046
Jan 19 2025 01: +0,1.887,72856
Jan 20 2025 01: +0,1.953,69906
Jan 21 2025 01: +0,1.97,61280
Jan 22 2025 01: +0,1.88,112258
Jan 23 2025 01: +0,1.863,88796
Jan 24 2025 01: +0,1.877,85324
Jan 25 2025 01: +0,1.886,79462
Jan 26 2025 01: +0,1.898,71036
Jan 27 2025 01: +0,1.937,63896
Jan 28 2025 01: +0,1.982,70925
Jan 29 2025 01: +0,1.883,126177
Jan 30 2025 01: +0,1.847,100508
Jan 31 2025 01: +0,1.892,87905
Feb 01 2025 01: +0,1.918,85414
Feb 02 2025 01: +0,1.932,76000
Feb 03 2025 01: +0,1.944,58835
Feb 04 2025 01: +0,1.94,60173
Feb 05 2025 01: +0,1.884,120803
Feb 06 2025 01: +0,1.871,103816
Feb 07 2025 01: +0,1.891,92091
Feb 08 2025 01: +0,1.935,87072
Feb 09 2025 01: +0,1.929,75251
Feb 10 2025 01: +0,1.955,61860
Feb 11 2025 01: +0,1.975,65544
Feb 12 2025 01: +0,1.9,112781
Feb 13 2025 01: +0,1.836,96454
Feb 14 2025 01: +0,1.888,85171
Feb 15 2025 01: +0,1.975,96447
Feb 16 2025 01: +0,2.021,85278
Feb 17 2025 01: +0,2.118,97352
Feb 18 2025 01: +0,2.144,72829
Feb 19 2025 01: +0,2.053,133554
Feb 20 2025 01: +0,2.075,112830
Feb 21 2025 01: +0,2.17,107539
Feb 22 2025 01: +0,2.199,95210
Feb 23 2025 01: +0,2.19,81345
Feb 24 2025 01: +0,2.189,62040
Feb 25 2025 01: +0,2.202,64556
Feb 26 2025 01: +0,2.125,133165
Feb 27 2025 01: +0,2.082,100680
Feb 28 2025 01: +0,2.109,94386
Mar 01 2025 01: +0,2.153,92643
Mar 02 2025 01: +0,2.18,84457
Mar 03 2025 01: +0,2.23,78522
Mar 04 2025 01: +0,2.25,75642
Mar 05 2025 01: +0,2.155,128432
Mar 06 2025 01: +0,2.119,107882
Mar 07 2025 01: +0,2.159,96101
Mar 08 2025 01: +0,2.166,88639
Mar 09 2025 01: +0,2.181,77696
Mar 10 2025 01: +0,2.201,61885
Mar 11 2025 01: +0,2.232,65920
Mar 12 2025 01: +0,2.16,123258
Mar 13 2025 01: +0,2.13,106523
Mar 14 2025 01: +0,2.136,106614
Mar 15 2025 01: +0,2.139,101716
Mar 16 2025 01: +0,2.124,88802
Mar 17 2025 01: +0,2.168,72059
Mar 18 2025 01: +0,2.162,67645
Mar 19 2025 01: +0,2.062,123004
Mar 20 2025 01: +0,2.048,96327
Mar 21 2025 01: +0,2.062,84161
Mar 22 2025 01: +0,2.092,89847
Mar 23 2025 01: +0,2.106,77439
Mar 24 2025 01: +0,2.151,63794
Mar 25 2025 01: +0,2.187,70333
Mar 26 2025 01: +0,1.984,106506
Mar 27 2025 01: +0,1.958,92424
Mar 28 2025 01: +0,2.051,88424
Mar 29 2025 01: +0,2.098,85105
Mar 30 2025 01: +0,2.114,75470
Mar 31 2025 01: +0,2.142,64673
Apr 01 2025 01: +0,1.991,88728
Apr 02 2025 01: +0,1.923,139158
Apr 03 2025 01: +0,1.928,107408
Apr 04 2025 01: +0,2.012,104006
Apr 05 2025 01: +0,2.043,97375
Apr 06 2025 01: +0,2.054,85600
Apr 07 2025 01: +0,2.093,67760
Apr 08 2025 01: +0,2.083,69820
Apr 09 2025 01: +0,2.014,140344
Apr 10 2025 01: +0,2.001,105986
Apr 11 2025 01: +0,2.032,100129
Apr 12 2025 01: +0,2.049,85925
Apr 13 2025 01: +0,2.052,75534
Apr 14 2025 01: +0,2.081,62821
Apr 15 2025 01: +0,2.094,65741
Apr 16 2025 01: +0,2.014,124810
Apr 17 2025 01: +0,2.002,105223
Apr 18 2025 01: +0,2.023,88764
Apr 19 2025 01: +0,1.996,77732
Apr 20 2025 01: +0,1.972,64114
Apr 21 2025 01: +0,1.996,58974
Apr 22 2025 01: +0,1.993,56581
Apr 23 2025 01: +0,1.909,121433
Apr 24 2025 01: +0,1.922,94364
Apr 25 2025 01: +0,1.947,85192
Apr 26 2025 01: +0,1.962,79872
Apr 27 2025 01: +0,1.978,69714
Apr 28 2025 01: +0,2.004,57703
Apr 29 2025 01: +0,2.039,72879
Apr 30 2025 01: +0,2.071,149276
May 01 2025 01: +0,2.085,115275
May 02 2025 01: +0,2.124,110998
May 03 2025 01: +0,2.226,113995
May 04 2025 01: +0,2.3,119975
May 05 2025 01: +0,2.336,77416
May 06 2025 01: +0,2.395,75279
May 07 2025 01: +0,2.257,137600
May 08 2025 01: +0,2.24,104918
May 09 2025 01: +0,2.244,85807
May 10 2025 01: +0,2.279,80013
May 11 2025 01: +0,2.292,69592
May 12 2025 01: +0,2.306,56010
May 13 2025 01: +0,2.297,57663
May 14 2025 01: +0,2.162,112403
May 15 2025 01: +0,2.148,88214
May 16 2025 01: +0,2.165,76419
May 17 2025 01: +0,2.211,78974
May 18 2025 01: +0,2.248,70501
May 19 2025 01: +0,2.275,58414
May 20 2025 01: +0,2.264,59458
May 21 2025 01: +0,2.202,116919
May 22 2025 01: +0,2.22,93469
May 23 2025 01: +0,2.158,103526
May 24 2025 01: +0,2.183,92980
May 25 2025 01: +0,2.227,85623
May 26 2025 01: +0,2.254,69688
May 27 2025 01: +0,2.256,74540
May 28 2025 01: +0,2.171,115026
May 29 2025 01: +0,2.18,104511
May 30 2025 01: +0,2.226,87611
May 31 2025 01: +0,2.279,92491
Jun 01 2025 01: +0,2.295,80342
Jun 02 2025 01: +0,2.29,64524
Jun 03 2025 01: +0,2.294,69047
Jun 04 2025 01: +0,2.228,117468
Jun 05 2025 01: +0,2.232,96989
Jun 06 2025 01: +0,2.264,85622
Jun 07 2025 01: +0,2.266,79835
Jun 08 2025 01: +0,2.272,71447
Jun 09 2025 01: +0,2.317,74316
Jun 10 2025 01: +0,2.324,59258
Jun 11 2025 01: +0,2.166,106876
Jun 12 2025 01: +0,2.169,83860
Jun 13 2025 01: +0,2.224,78787
Jun 14 2025 01: +0,2.26,71904
Jun 15 2025 01: +0,2.278,67462
Jun 16 2025 01: +0,2.276,61101
Jun 17 2025 01: +0,2.262,61567
Jun 18 2025 01: +0,2.183,113532
Jun 19 2025 01: +0,2.192,91706
Jun 20 2025 01: +0,2.217,79923
Jun 21 2025 01: +0,2.215,74642
Jun 22 2025 01: +0,2.223,68909
Jun 23 2025 01: +0,2.227,58631
Jun 24 2025 01: +0,2.223,60650
Jun 25 2025 01: +0,2.177,117976
Jun 26 2025 01: +0,2.162,96528
Jun 27 2025 01: +0,2.178,99210
Jun 28 2025 01: +0,2.218,96644
Jun 29 2025 01: +0,2.257,91626
Jun 30 2025 01: +0,2.269,71150
Jul 01 2025 01: +0,2.305,77684
Jul 02 2025 01: +0,2.29,128763
Jul 03 2025 01: +0,2.309,115517
Jul 04 2025 01: +0,2.374,105663
Jul 05 2025 01: +0,2.398,89021
Jul 06 2025 01: +0,2.415,83235
Jul 07 2025 01: +0,2.437,72581
Jul 08 2025 01: +0,2.453,73510
Jul 09 2025 01: +0,2.358,126564
Jul 10 2025 01: +0,2.384,104505
Jul 11 2025 01: +0,2.521,103332
Jul 12 2025 01: +0,2.61,99812
Jul 13 2025 01: +0,2.639,82143
Jul 14 2025 01: +0,2.715,66492
Jul 15 2025 01: +0,2.68,63683
Jul 16 2025 01: +0,2.532,122938
Jul 17 2025 01: +0,2.504,92995
Jul 18 2025 01: +0,2.603,87218
Jul 19 2025 01: +0,2.754,97144
Jul 20 2025 01: +0,2.721,74330
Jul 21 2025 01: +0,2.695,70668
Jul 22 2025 01: +0,2.573,67205
Jul 23 2025 01: +0,2.332,100781
Jul 24 2025 01: +0,2.338,88153
Jul 25 2025 01: +0,2.438,80727
Jul 26 2025 01: +0,2.49,76731
Jul 27 2025 01: +0,2.516,78021
Jul 28 2025 01: +0,2.544,61491
Jul 29 2025 01: +0,2.439,68195
Jul 30 2025 01: +0,2.326,120909
Jul 31 2025 01: +0,2.314,93090
Aug 01 2025 01: +0,2.389,86722
Aug 02 2025 01: +0,2.425,77430
Aug 03 2025 01: +0,2.413,70603
Aug 04 2025 01: +0,2.403,60936
Aug 05 2025 01: +0,2.391,64140
Aug 06 2025 01: +0,2.231,104743
Aug 07 2025 01: +0,2.203,87461
Aug 08 2025 01: +0,2.252,80212
Aug 09 2025 01: +0,2.28,80585
Aug 10 2025 01: +0,2.308,71985
Aug 11 2025 01: +0,2.326,64823
Aug 12 2025 01: +0,2.292,59945
Aug 13 2025 01: +0,2.109,110733
Aug 14 2025 01: +0,2.094,84488
Aug 15 2025 01: +0,2.073,89754
Aug 16 2025 01: +0,2.14,80854
Aug 17 2025 01: +0,2.155,75854
Aug 18 2025 01: +0,2.152,66039
Aug 19 2025 01: +0,2.117,61777
Aug 20 2025 01: +0,1.986,116074
Aug 21 2025 01: +0,1.975,95288
Aug 22 2025 01: +0,2.023,87420
Aug 23 2025 01: +0,2.065,87913
Aug 24 2025 01: +0,2.099,79746
Aug 25 2025 01: +0,2.129,71001
Aug 26 2025 01: +0,2.12,71538
Aug 27 2025 01: +0,1.941,112234
Aug 28 2025 01: +0,1.954,94527
Aug 29 2025 01: +0,2.068,93521
Aug 30 2025 01: +0,2.083,82799
Aug 31 2025 01: +0,2.103,80510
Sep 01 2025 01: +0,2.128,76018
Sep 02 2025 01: +0,2.097,68960
Sep 03 2025 01: +0,1.98,110138
Sep 04 2025 01: +0,1.951,94832
Sep 05 2025 01: +0,2.002,85332
Sep 06 2025 01: +0,2.042,92423
Sep 07 2025 01: +0,2.064,78179
Sep 08 2025 01: +0,2.055,63595
Sep 09 2025 01: +0,2.01,66468
Sep 10 2025 01: +0,1.907,113522
Sep 11 2025 01: +0,1.906,100383
Sep 12 2025 01: +0,1.939,97651
Sep 13 2025 01: +0,1.983,100592
Sep 14 2025 01: +0,1.966,83686
Sep 15 2025 01: +0,1.965,72286
Sep 16 2025 01: +0,1.977,67584
Sep 17 2025 01: +0,1.835,149790
Sep 18 2025 01: +0,1.862,116931
Sep 19 2025 01: +0,1.918,100876
Sep 20 2025 01: +0,1.926,101153
Sep 21 2025 01: +0,1.934,87370
Sep 22 2025 01: +0,1.958,80454
Sep 23 2025 01: +0,1.944,75070
Sep 24 2025 01: +0,1.828,120524
Sep 25 2025 01: +0,1.841,101357
Sep 26 2025 01: +0,1.931,108515
Sep 27 2025 01: +0,1.947,101226
Sep 28 2025 01: +0,1.936,84266
Sep 29 2025 01: +0,1.955,79286
Sep 30 2025 01: +0,1.927,90410
Oct 01 2025 01: +0,1.824,125193
Oct 02 2025 01: +0,1.861,116835
Oct 03 2025 01: +0,1.927,109437
Oct 04 2025 01: +0,1.939,104624
Oct 05 2025 01: +0,1.941,93542
Oct 06 2025 01: +0,1.963,80491
Oct 07 2025 01: +0,1.987,74073
Oct 08 2025 01: +0,1.908,112187
Oct 09 2025 01: +0,1.943,100067
Oct 10 2025 01: +0,2.011,114365
Oct 11 2025 01: +0,2.064,99897
Oct 12 2025 01: +0,2.06,83784
Oct 13 2025 01: +0,2.083,67158
Oct 14 2025 01: +0,2.053,65838
Oct 15 2025 01: +0,1.917,124356
Oct 16 2025 01: +0,1.925,96746
Oct 17 2025 01: +0,1.982,95675
Oct 18 2025 01: +0,2.026,98728
Oct 19 2025 01: +0,2.034,85491
Oct 20 2025 01: +0,2.082,84015
Oct 21 2025 01: +0,2.069,72193
Oct 22 2025 01: +0,1.915,134395
Oct 23 2025 01: +0,2.072,397447
Oct 24 2025 01: +0,1.777,275311
Oct 25 2025 01: +0,2.053,173725
Oct 26 2025 01: +0,2.218,144529
Oct 27 2025 01: +0,2.162,106566
Oct 28 2025 01: +0,2.092,89634
Oct 29 2025 01: +0,1.822,137836
Oct 30 2025 01: +0,1.912,151594
Oct 31 2025 01: +0,2.094,175409
Nov 01 2025 01: +0,2.217,182218
Nov 02 2025 01: +0,2.336,166766
Nov 03 2025 01: +0,2.4,132693
Nov 04 2025 01: +0,2.387,113109
Nov 05 2025 01: +0,2.219,149145
Nov 06 2025 01: +0,2.273,132605
Nov 07 2025 01: +0,2.331,129956
Nov 08 2025 01: +0,2.344,123398
Nov 09 2025 01: +0,2.318,110982
Nov 10 2025 01: +0,2.309,103173
Nov 11 2025 01: +0,2.279,88235
Nov 12 2025 01: +0,2.071,123464
Nov 13 2025 01: +0,1.919,145899
Nov 14 2025 01: +0,2.012,112965
Nov 15 2025 01: +0,2.044,111441
Nov 16 2025 01: +0,2.019,97681
Nov 17 2025 01: +0,2.014,82702
Nov 18 2025 01: +0,1.986,77464
Nov 19 2025 01: +0,1.881,136161
Nov 20 2025 01: +0,1.875,103301
Nov 21 2025 01: +0,1.891,101364
Nov 22 2025 01: +0,1.876,104398
Nov 23 2025 01: +0,1.854,93754
Nov 24 2025 01: +0,1.852,82392
Nov 25 2025 01: +0,1.839,80673
Nov 26 2025 01: +0,1.713,120191
Nov 27 2025 01: +0,1.709,106808
Nov 28 2025 01: +0,1.787,116517
Nov 29 2025 01: +0,1.826,102529
Nov 30 2025 01: +0,1.836,89076
Dec 01 2025 01: +0,1.83,82495
Dec 02 2025 01: +0,1.855,84409
Dec 03 2025 01: +0,1.768,118616
Dec 04 2025 01: +0,1.735,100854
Dec 05 2025 01: +0,1.796,106796
Dec 06 2025 01: +0,1.858,104513
Dec 07 2025 01: +0,1.858,87161
Dec 08 2025 01: +0,1.864,79858
Dec 09 2025 01: +0,1.863,77584
Dec 10 2025 01: +0,1.738,110392
Dec 11 2025 01: +0,1.711,97703
Dec 12 2025 01: +0,1.748,101856
Dec 13 2025 01: +0,1.769,97987
Dec 14 2025 01: +0,1.773,90868
Dec 15 2025 01: +0,1.805,86905
Dec 16 2025 01: +0,1.79,85707
Dec 17 2025 01: +0,1.693,120002
Dec 18 2025 01: +0,1.668,113544
Dec 19 2025 01: +0,1.684,130396
Dec 20 2025 01: +0,1.723,120973
Dec 21 2025 01: +0,1.73,103341
Dec 22 2025 01: +0,1.741,98034
Dec 23 2025 01: +0,1.794,100839
Dec 24 2025 01: +0,1.751,115826
Dec 25 2025 01: +0,1.811,131080
Dec 26 2025 01: +0,1.819,117735
Dec 27 2025 01: +0,1.842,108325
Dec 28 2025 01: +0,1.846,99253
Dec 29 2025 01: +0,1.878,91279
Dec 30 2025 01: +0,1.899,102565
Dec 31 2025 01: +0,1.857,126155
Jan 01 2026 01: +0,1.853,120584
Jan 02 2026 01: +0,1.833,108736
Jan 03 2026 01: +0,1.843,102692
Jan 04 2026 01: +0,1.842,93212
Jan 05 2026 01: +0,1.854,84256
Jan 06 2026 01: +0,1.892,79657
Jan 07 2026 01: +0,1.786,107786
Jan 08 2026 01: +0,1.783,97443
Jan 09 2026 01: +0,1.819,102065
Jan 10 2026 01: +0,1.859,103088
Jan 11 2026 01: +0,1.877,96247
Jan 12 2026 01: +0,1.88,76278
Jan 13 2026 01: +0,1.865,82112
Jan 14 2026 01: +0,1.762,105242
Jan 15 2026 01: +0,1.786,98698
Jan 16 2026 01: +0,1.816,103140
Jan 17 2026 01: +0,1.836,107259
Jan 18 2026 01: +0,1.845,93565
Jan 19 2026 01: +0,1.853,82043
Jan 20 2026 01: +0,1.869,77522
Jan 21 2026 01: +0,1.772,104248
Jan 22 2026 01: +0,1.7,115200
Jan 23 2026 01: +0,1.762,115540
Jan 24 2026 01: +0,1.779,115160
Jan 25 2026 01: +0,1.79,98712
Jan 26 2026 01: +0,1.795,84027
Jan 27 2026 01: +0,1.794,85940
Jan 28 2026 01: +0,1.661,119712
Jan 29 2026 01: +0,1.685,113223
Jan 30 2026 01: +0,1.749,122993
Jan 31 2026 01: +0,1.768,126108
Feb 01 2026 01: +0,1.77,111144
Feb 02 2026 01: +0,1.77,87311
Feb 03 2026 01: +0,1.765,85966
Feb 04 2026 01: +0,1.655,118365
Feb 05 2026 01: +0,1.694,109578
Feb 06 2026 01: +0,1.732,114518
Feb 07 2026 01: +0,1.749,122153
Feb 08 2026 01: +0,1.735,110442
Feb 09 2026 01: +0,1.756,95554
Feb 10 2026 01: +0,1.763,98968
Feb 11 2026 01: +0,1.653,131827
Feb 12 2026 01: +0,1.694,119438
Feb 13 2026 01: +0,1.747,137599
Feb 14 2026 01: +0,1.767,135271
Feb 15 2026 01: +0,1.773,122809
Feb 16 2026 01: +0,1.807,114657
Feb 17 2026 01: +0,1.812,98711
Feb 18 2026 01: +0,1.712,136561
Feb 19 2026 01: +0,1.698,127377
Feb 20 2026 01: +0,1.747,137728
Feb 21 2026 01: +0,1.766,146524
Feb 22 2026 01: +0,1.776,139014
Feb 23 2026 01: +0,1.775,113420
Feb 24 2026 01: +0,1.775,107456
Feb 25 2026 01: +0,1.698,141231
Feb 26 2026 01: +0,1.747,139437
Feb 27 2026 01: +0,1.793,164030
Feb 28 2026 01: +0,1.826,157333
Mar 01 2026 01: +0,1.836,135068
Mar 02 2026 01: +0,1.853,104305
Mar 03 2026 01: +0,1.854,102961
Mar 04 2026 01: +0,1.734,130870
Mar 05 2026 01: +0,1.757,130385
Mar 06 2026 01: +0,1.824,155862
Mar 07 2026 01: +0,1.854,162863
Mar 08 2026 01: +0,1.869,142844
Mar 09 2026 01: +0,1.871,118351
Mar 10 2026 01: +0,1.888,123987
Mar 11 2026 01: +0,1.781,156823
Mar 12 2026 01: +0,1.858,202815
Mar 13 2026 01: +0,1.913,201831
Mar 14 2026 01: +0,1.968,202634
Mar 15 2026 01: +0,2.014,190495
Mar 16 2026 01: +0,2.113,164172
Mar 17 2026 01: +0,2.193,162812
Mar 18 2026 01: +0,2.026,190459
Mar 19 2026 01: +0,2.021,173948
Mar 20 2026 01: +0,2.015,193780
Mar 21 2026 01: +0,2.053,195914
Mar 22 2026 01: +0,2.15,32275
Mar 22 2026 05: +0,2.16,6906
Mar 22 2026 06: +0,2.15,5766
Mar 22 2026 07: +0,2.15,5859
Mar 22 2026 08: +0,2.1,6332
Mar 22 2026 09: +0,2.015,5632
Mar 22 2026 10: +0,2.01,5397
Mar 22 2026 11: +0,1.99,5743
Mar 22 2026 12: +0,1.995,5794
Mar 22 2026 13: +0,2.02,6530
Mar 22 2026 14: +0,2.023,7090
Mar 22 2026 15: +0,2.045,7759
Mar 22 2026 16: +0,2.063,8098
Mar 22 2026 17: +0,2.067,7742
Mar 22 2026 18: +0,2.09,8628
Mar 22 2026 19: +0,2.104,9694
Mar 22 2026 20: +0,2.117,9589
Mar 22 2026 21: +0,2.137,10746
Mar 22 2026 22: +0,2.14,7867
Mar 22 2026 23: +0,2.149,7559
Mar 23 2026 00: +0,2.16,6332
Mar 23 2026 01: +0,2.16,7654
Mar 23 2026 02: +0,2.172,7999
Mar 23 2026 03: +0,2.16,6961
Mar 23 2026 04: +0,2.16,5863
Mar 23 2026 05: +0,2.16,5127
Mar 23 2026 06: +0,2.16,4150
Mar 23 2026 07: +0,2.16,4321
Mar 23 2026 08: +0,2.066,3827
Mar 23 2026 09: +0,2.022,3935
Mar 23 2026 10: +0,1.982,3873
Mar 23 2026 11: +0,1.964,3838
Mar 23 2026 12: +0,1.98,4042
Mar 23 2026 13: +0,2,4616
Mar 23 2026 14: +0,1.97,5284
Mar 23 2026 15: +0,1.996,5754
Mar 23 2026 16: +0,2.02,6789
Mar 23 2026 17: +0,2.058,7126
Mar 23 2026 18: +0,2.09,8059
Mar 23 2026 19: +0,2.12,8618
Mar 23 2026 20: +0,2.12,8685
Mar 23 2026 21: +0,2.14,8046
Mar 23 2026 22: +0,2.14,7785
Mar 23 2026 23: +0,2.15,6976
Mar 24 2026 00: +0,2.15,8046
Mar 24 2026 01: +0,2.15,7877
Mar 24 2026 02: +0,2.15,8018
Mar 24 2026 03: +0,2.15,6839
Mar 24 2026 04: +0,2.15,6338
Mar 24 2026 05: +0,2.15,5633
Mar 24 2026 06: +0,2.15,4197
Mar 24 2026 07: +0,2.15,3969
Mar 24 2026 08: +0,2.071,4406
Mar 24 2026 09: +0,2.034,4308
Mar 24 2026 10: +0,2.036,4058
Mar 24 2026 11: +0,2.049,3884
Mar 24 2026 12: +0,2.034,4381
Mar 24 2026 13: +0,2.014,4639
Mar 24 2026 14: +0,2.052,5900
Mar 24 2026 15: +0,2.061,5412
Mar 24 2026 16: +0,2.069,6425
Mar 24 2026 17: +0,2.072,7161
Mar 24 2026 18: +0,2.08,6955
Mar 24 2026 19: +0,2.08,8522
Mar 24 2026 20: +0,2.104,9143
Mar 24 2026 21: +0,2.099,7576
Mar 24 2026 22: +0,2.12,7769
Mar 24 2026 23: +0,2.14,7791
Mar 25 2026 00: +0,2.15,8051
Mar 25 2026 01: +0,2.16,6912
Mar 25 2026 02: +0,2.15,7471
Mar 25 2026 03: +0,2.13,7229
Mar 25 2026 04: +0,2.13,6727
Mar 25 2026 05: +0,2.13,6035
Mar 25 2026 06: +0,2.14,5412
Mar 25 2026 07: +0,2.12,4833
Mar 25 2026 08: +0,1.967,4385
Mar 25 2026 09: +0,1.956,5857
Mar 25 2026 10: +0,1.932,5696
Mar 25 2026 11: +0,1.91,6281
Mar 25 2026 12: +0,1.909,7226
Mar 25 2026 13: +0,1.913,7570
Mar 25 2026 14: +0,1.932,9871
Mar 25 2026 15: +0,1.909,9425
Mar 25 2026 16: +0,1.89,9432
Mar 25 2026 17: +0,1.889,10339
Mar 25 2026 18: +0,1.909,11726
Mar 25 2026 19: +0,1.912,11779
Mar 25 2026 20: +0,1.912,11512
Mar 25 2026 21: +0,1.93,10668
Mar 25 2026 22: +0,1.965,10720
Mar 25 2026 23: +0,1.99,9278
Mar 26 2026 00: +0,2.004,9113
Mar 26 2026 01: +0,2.037,8189
Mar 26 2026 02: +0,2.088,7764
Mar 26 2026 03: +0,2.09,6949
Mar 26 2026 04: +0,2.1,7275
Mar 26 2026 05: +0,2.096,6015
Mar 26 2026 06: +0,2.081,5414
Mar 26 2026 07: +0,2.087,4678
Mar 26 2026 08: +0,1.98,4688
Mar 26 2026 09: +0,1.958,4383
Mar 26 2026 10: +0,1.93,4760
Mar 26 2026 11: +0,1.91,4589
Mar 26 2026 12: +0,1.886,5164
Mar 26 2026 13: +0,1.9,6448
Mar 26 2026 14: +0,1.91,7405
Mar 26 2026 15: +0,1.912,7774
Mar 26 2026 16: +0,1.919,8362
Mar 26 2026 17: +0,1.958,9071
Mar 26 2026 18: +0,1.982,8621
Mar 26 2026 19: +0,2.003,8868
Mar 26 2026 20: +0,2.035,10375
Mar 26 2026 21: +0,2.041,9252
Mar 26 2026 22: +0,2.054,8578
Mar 26 2026 23: +0,2.079,8888
Mar 27 2026 00: +0,2.088,8853
Mar 27 2026 01: +0,2.1,9232
Mar 27 2026 02: +0,2.11,9123
Mar 27 2026 03: +0,2.12,8423
Mar 27 2026 04: +0,2.12,7003
Mar 27 2026 05: +0,2.13,6457
Mar 27 2026 06: +0,2.13,4472
Mar 27 2026 07: +0,2.13,4787
Mar 27 2026 08: +0,2.1,5092
Mar 27 2026 09: +0,2.07,4067
Mar 27 2026 10: +0,2.072,4893
Mar 27 2026 11: +0,2.047,4257
Mar 27 2026 12: +0,2.046,5496
Mar 27 2026 13: +0,2.065,5462
Mar 27 2026 14: +0,2.082,7145
Mar 27 2026 15: +0,2.088,8266
Mar 27 2026 16: +0,2.09,8086
Mar 27 2026 17: +0,2.09,8210
Mar 27 2026 18: +0,2.09,9030
Mar 27 2026 19: +0,2.117,10699
Mar 27 2026 20: +0,2.123,10810
Mar 27 2026 21: +0,2.134,12234
Mar 27 2026 22: +0,2.15,12493
Mar 27 2026 23: +0,2.15,11823
Mar 28 2026 00: +0,2.16,11710
Mar 28 2026 01: +0,2.177,10483
Mar 28 2026 02: +0,2.19,10602
Mar 28 2026 03: +0,2.2,10424
Mar 28 2026 04: +0,2.21,8975
Mar 28 2026 05: +0,2.22,7986
Mar 28 2026 06: +0,2.22,6482
Mar 28 2026 07: +0,2.23,6045
Mar 28 2026 08: +0,2.1,5409
Mar 28 2026 09: +0,2.092,4959
Mar 28 2026 10: +0,2.084,4698
Mar 28 2026 11: +0,2.096,5524
Mar 28 2026 12: +0,2.089,4639
Mar 28 2026 13: +0,2.092,6020
Mar 28 2026 14: +0,2.12,6946
Mar 28 2026 15: +0,2.123,7362
Mar 28 2026 16: +0,2.15,7956
Mar 28 2026 17: +0,2.16,9052
Mar 28 2026 18: +0,2.182,8436
Mar 28 2026 19: +0,2.192,9255
Mar 28 2026 20: +0,2.21,10353
Mar 28 2026 21: +0,2.224,10126
Mar 28 2026 22: +0,2.23,9594
Mar 28 2026 23: +0,2.245,9447
Mar 29 2026 00: +0,2.259,8507
Mar 29 2026 01: +0,2.26,8133
Mar 29 2026 02: +0,2.27,6878
Mar 29 2026 03: +0,2.27,7902
Mar 29 2026 04: +0,2.27,7507
Mar 29 2026 05: +0,2.278,6698
Mar 29 2026 06: +0,2.292,6466
Mar 29 2026 07: +0,2.278,5215
Mar 29 2026 08: +0,2.195,5912
Mar 29 2026 09: +0,2.16,4591
Mar 29 2026 10: +0,2.151,4967
Mar 29 2026 11: +0,2.15,5656
Mar 29 2026 12: +0,2.16,6097
Mar 29 2026 13: +0,2.182,6418
Mar 29 2026 14: +0,2.184,6490
Mar 29 2026 15: +0,2.2,6739
Mar 29 2026 16: +0,2.201,6842
Mar 29 2026 17: +0,2.213,8046
Mar 29 2026 18: +0,2.22,8049
Mar 29 2026 19: +0,2.23,8883
Mar 29 2026 20: +0,2.25,9501
Mar 29 2026 21: +0,2.247,8051
Mar 29 2026 22: +0,2.27,8174
Mar 29 2026 23: +0,2.27,7177
Mar 30 2026 00: +0,2.27,6968
Mar 30 2026 01: +0,2.27,6716
Mar 30 2026 02: +0,2.27,6398
Mar 30 2026 03: +0,2.27,6543
Mar 30 2026 04: +0,2.26,5628
Mar 30 2026 05: +0,2.25,5065
Mar 30 2026 06: +0,2.25,4580
Mar 30 2026 07: +0,2.24,3394
Mar 30 2026 08: +0,2.14,3498
Mar 30 2026 09: +0,2.143,3515
Mar 30 2026 10: +0,2.178,4331
Mar 30 2026 11: +0,2.154,3890
Mar 30 2026 12: +0,2.151,4648
Mar 30 2026 13: +0,2.143,4311
Mar 30 2026 14: +0,2.15,5085
Mar 30 2026 15: +0,2.152,5598
Mar 30 2026 16: +0,2.179,6135
Mar 30 2026 17: +0,2.19,7357
Mar 30 2026 18: +0,2.222,8138
Mar 30 2026 19: +0,2.23,8205
Mar 30 2026 20: +0,2.24,7996
Mar 30 2026 21: +0,2.238,7665
Mar 30 2026 22: +0,2.24,7568
Mar 30 2026 23: +0,2.249,6694
Mar 31 2026 00: +0,2.249,6454
Mar 31 2026 01: +0,2.25,6539
Mar 31 2026 02: +0,2.24,6097
Mar 31 2026 03: +0,2.24,6219
Mar 31 2026 04: +0,2.24,5547
Mar 31 2026 05: +0,2.23,5266
Mar 31 2026 06: +0,2.23,4575
Mar 31 2026 07: +0,2.23,4343
Mar 31 2026 08: +0,2.117,3874
Mar 31 2026 09: +0,2.138,3678
Mar 31 2026 10: +0,2.155,3832
Mar 31 2026 11: +0,2.146,3750
Mar 31 2026 12: +0,2.158,4164
Mar 31 2026 13: +0,2.187,4962
Mar 31 2026 14: +0,2.186,5343
Mar 31 2026 15: +0,2.187,5558
Mar 31 2026 16: +0,2.192,6809
Mar 31 2026 17: +0,2.202,7068
Mar 31 2026 18: +0,2.212,7725
Mar 31 2026 19: +0,2.215,8427
Mar 31 2026 20: +0,2.219,7627
Mar 31 2026 21: +0,2.225,6856
Mar 31 2026 22: +0,2.225,8022
Mar 31 2026 23: +0,2.23,7432
Apr 01 2026 00: +0,2.23,6402
Apr 01 2026 01: +0,2.24,6431
Apr 01 2026 02: +0,2.23,7731
Apr 01 2026 03: +0,2.23,8030
Apr 01 2026 04: +0,2.221,7346
Apr 01 2026 05: +0,2.22,5909
Apr 01 2026 06: +0,2.22,5117
Apr 01 2026 07: +0,2.2,4899
Apr 01 2026 08: +0,2.09,5011
Apr 01 2026 09: +0,2.07,5614
Apr 01 2026 10: +0,2.03,5293
Apr 01 2026 11: +0,2.026,6409
Apr 01 2026 12: +0,2.02,6828
Apr 01 2026 13: +0,2.022,7716
Apr 01 2026 14: +0,2.024,9141
Apr 01 2026 15: +0,2.037,10266
Apr 01 2026 16: +0,2.04,10236
Apr 01 2026 17: +0,2.047,10358
Apr 01 2026 18: +0,2.06,11832
Apr 01 2026 19: +0,2.054,11803
Apr 01 2026 20: +0,2.069,12478
Apr 01 2026 21: +0,2.078,10648
Apr 01 2026 22: +0,2.09,9491
Apr 01 2026 23: +0,2.148,9368
Apr 02 2026 00: +0,2.16,9364
Apr 02 2026 01: +0,2.18,7507
Apr 02 2026 02: +0,2.19,8005
Apr 02 2026 03: +0,2.19,7015
Apr 02 2026 04: +0,2.19,7005
Apr 02 2026 05: +0,2.198,6506
Apr 02 2026 06: +0,2.2,5671
Apr 02 2026 07: +0,2.19,4749
Apr 02 2026 08: +0,2.12,4960
Apr 02 2026 09: +0,2.078,4662
Apr 02 2026 10: +0,2.08,5001
Apr 02 2026 11: +0,2.07,5269
Apr 02 2026 12: +0,2.055,5915
Apr 02 2026 13: +0,2.075,6952
Apr 02 2026 14: +0,2.08,7236
Apr 02 2026 15: +0,2.043,7185
Apr 02 2026 16: +0,2.082,8458
Apr 02 2026 17: +0,2.11,9318
Apr 02 2026 18: +0,2.146,10356
Apr 02 2026 19: +0,2.14,10306
Apr 02 2026 20: +0,2.147,10254
Apr 02 2026 21: +0,2.151,10355
Apr 02 2026 22: +0,2.166,10171
Apr 02 2026 23: +0,2.189,10016
Apr 03 2026 00: +0,2.2,9881
Apr 03 2026 01: +0,2.21,9365
Apr 03 2026 02: +0,2.22,8669
Apr 03 2026 03: +0,2.23,10191
Apr 03 2026 04: +0,2.23,7944
Apr 03 2026 05: +0,2.23,7383
Apr 03 2026 06: +0,2.23,6488
Apr 03 2026 07: +0,2.22,5366
Apr 03 2026 08: +0,2.16,4740
Apr 03 2026 09: +0,2.15,4933
Apr 03 2026 10: +0,2.14,4709
Apr 03 2026 11: +0,2.16,5314
Apr 03 2026 12: +0,2.166,5644
Apr 03 2026 13: +0,2.164,6399
Apr 03 2026 14: +0,2.18,7354
Apr 03 2026 15: +0,2.178,7442
Apr 03 2026 16: +0,2.189,8390
Apr 03 2026 17: +0,2.189,9897
Apr 03 2026 18: +0,2.2,9465
Apr 03 2026 19: +0,2.21,11171
Apr 03 2026 20: +0,2.21,11408
Apr 03 2026 21: +0,2.214,10599
Apr 03 2026 22: +0,2.223,10690
Apr 03 2026 23: +0,2.239,9412
Apr 04 2026 00: +0,2.24,10856
Apr 04 2026 01: +0,2.25,8555
Apr 04 2026 02: +0,2.25,9716
Apr 04 2026 03: +0,2.26,9213
Apr 04 2026 04: +0,2.26,9358
Apr 04 2026 05: +0,2.26,8107
Apr 04 2026 06: +0,2.26,7209
Apr 04 2026 07: +0,2.26,6016
Apr 04 2026 08: +0,2.22,6248
Apr 04 2026 09: +0,2.23,5754
Apr 04 2026 10: +0,2.193,5628
Apr 04 2026 11: +0,2.185,4753
Apr 04 2026 12: +0,2.185,5582
Apr 04 2026 13: +0,2.19,6185
Apr 04 2026 14: +0,2.2,6247
Apr 04 2026 15: +0,2.21,6902
Apr 04 2026 16: +0,2.2,7291
Apr 04 2026 17: +0,2.213,7006
Apr 04 2026 18: +0,2.23,9587
Apr 04 2026 19: +0,2.23,8863
Apr 04 2026 20: +0,2.24,9905
Apr 04 2026 21: +0,2.245,8834
Apr 04 2026 22: +0,2.25,9673
Apr 04 2026 23: +0,2.264,8241
Apr 05 2026 00: +0,2.27,8577
Apr 05 2026 01: +0,2.27,7286
Apr 05 2026 02: +0,2.3,8002
Apr 05 2026 03: +0,2.283,8054
Apr 05 2026 04: +0,2.279,7452
Apr 05 2026 05: +0,2.285,7448
Apr 05 2026 06: +0,2.283,6738
Apr 05 2026 07: +0,2.283,5704
Apr 05 2026 08: +0,2.23,4999
Apr 05 2026 09: +0,2.225,4911
Apr 05 2026 10: +0,2.209,4291
Apr 05 2026 11: +0,2.214,5199
Apr 05 2026 12: +0,2.19,4872
Apr 05 2026 13: +0,2.213,5179
Apr 05 2026 14: +0,2.225,6056
Apr 05 2026 15: +0,2.248,7265
Apr 05 2026 16: +0,2.248,7077
Apr 05 2026 17: +0,2.25,7244
Apr 05 2026 18: +0,2.248,7322
Apr 05 2026 19: +0,2.27,9263
Apr 05 2026 20: +0,2.283,9134
Apr 05 2026 21: +0,2.294,9058
Apr 05 2026 22: +0,2.298,8736
Apr 05 2026 23: +0,2.309,7910
Apr 06 2026 00: +0,2.31,7765
Apr 06 2026 01: +0,2.31,7499
Apr 06 2026 02: +0,2.311,7478
Apr 06 2026 03: +0,2.32,6673
Apr 06 2026 04: +0,2.32,6562
Apr 06 2026 05: +0,2.32,5577
Apr 06 2026 06: +0,2.3,4737
Apr 06 2026 07: +0,2.286,3190
Apr 06 2026 08: +0,2.23,4160
Apr 06 2026 09: +0,2.221,4520
Apr 06 2026 10: +0,2.202,3968
Apr 06 2026 11: +0,2.219,4270
Apr 06 2026 12: +0,2.213,4553
Apr 06 2026 13: +0,2.225,4892
Apr 06 2026 14: +0,2.239,5762
Apr 06 2026 15: +0,2.24,5507
Apr 06 2026 16: +0,2.27,7174
Apr 06 2026 17: +0,2.27,7048
Apr 06 2026 18: +0,2.271,7007
Apr 06 2026 19: +0,2.285,8247
Apr 06 2026 20: +0,2.294,8139
Apr 06 2026 21: +0,2.305,8075
Apr 06 2026 22: +0,2.31,6720
Apr 06 2026 23: +0,2.318,7006
Apr 07 2026 00: +0,2.32,7797
Apr 07 2026 01: +0,2.32,7341
Apr 07 2026 02: +0,2.33,7210
Apr 07 2026 03: +0,2.33,6350
Apr 07 2026 04: +0,2.32,5485
Apr 07 2026 05: +0,2.33,5521
Apr 07 2026 06: +0,2.33,4630
Apr 07 2026 07: +0,2.33,3914
Apr 07 2026 08: +0,2.277,3989
Apr 07 2026 09: +0,2.3,3681
Apr 07 2026 10: +0,2.287,3796
Apr 07 2026 11: +0,2.258,3156
Apr 07 2026 12: +0,2.25,4033
Apr 07 2026 13: +0,2.276,3983
Apr 07 2026 14: +0,2.281,4553
Apr 07 2026 15: +0,2.284,5337
Apr 07 2026 16: +0,2.288,6193
Apr 07 2026 17: +0,2.297,7172
Apr 07 2026 18: +0,2.299,6890
Apr 07 2026 19: +0,2.292,7369
Apr 07 2026 20: +0,2.299,7112
Apr 07 2026 21: +0,2.304,7527
Apr 07 2026 22: +0,2.3,7444
Apr 07 2026 23: +0,2.31,5913
Apr 08 2026 00: +0,2.32,7010
Apr 08 2026 01: +0,2.32,6885
Apr 08 2026 02: +0,2.32,7887
Apr 08 2026 03: +0,2.32,7641
Apr 08 2026 04: +0,2.319,6509
Apr 08 2026 05: +0,2.32,5716
Apr 08 2026 06: +0,2.3,4580
Apr 08 2026 07: +0,2.26,3937
Apr 08 2026 08: +0,2.161,4351
Apr 08 2026 09: +0,2.12,4870
Apr 08 2026 10: +0,2.067,5133
Apr 08 2026 11: +0,2.053,5722
Apr 08 2026 12: +0,2.053,6397
Apr 08 2026 13: +0,2.059,6788
Apr 08 2026 14: +0,2.032,8026
Apr 08 2026 15: +0,2.058,9497
Apr 08 2026 16: +0,2.035,9547
Apr 08 2026 17: +0,2.07,10086
Apr 08 2026 18: +0,2.08,10639
Apr 08 2026 19: +0,2.1,11256
Apr 08 2026 20: +0,2.127,10524
Apr 08 2026 21: +0,2.14,9135
Apr 08 2026 22: +0,2.16,9630
Apr 08 2026 23: +0,2.166,8025
Apr 09 2026 00: +0,2.21,7587
Apr 09 2026 01: +0,2.25,7457
Apr 09 2026 02: +0,2.26,7719
Apr 09 2026 03: +0,2.27,6778
Apr 09 2026 04: +0,2.295,6078
Apr 09 2026 05: +0,2.27,5431
Apr 09 2026 06: +0,2.284,5165
Apr 09 2026 07: +0,2.28,4524
Apr 09 2026 08: +0,2.18,4991
Apr 09 2026 09: +0,2.127,3573
Apr 09 2026 10: +0,2.121,4315
Apr 09 2026 11: +0,2.149,5191
Apr 09 2026 12: +0,2.12,5013
Apr 09 2026 13: +0,2.12,5473
Apr 09 2026 14: +0,2.119,6315
Apr 09 2026 15: +0,2.108,6564
Apr 09 2026 16: +0,2.139,7989
Apr 09 2026 17: +0,2.15,8081
Apr 09 2026 18: +0,2.16,8348
Apr 09 2026 19: +0,2.168,9078
Apr 09 2026 20: +0,2.182,9488
Apr 09 2026 21: +0,2.209,9153
Apr 09 2026 22: +0,2.241,8269
Apr 09 2026 23: +0,2.256,7757
Apr 10 2026 00: +0,2.26,7456
Apr 10 2026 01: +0,2.27,7377
Apr 10 2026 02: +0,2.27,7721
Apr 10 2026 03: +0,2.27,6872
Apr 10 2026 04: +0,2.27,6824
Apr 10 2026 05: +0,2.27,6931
Apr 10 2026 06: +0,2.27,5327
Apr 10 2026 07: +0,2.27,5367
Apr 10 2026 08: +0,2.23,4505
Apr 10 2026 09: +0,2.2,4205
Apr 10 2026 10: +0,2.209,5279
Apr 10 2026 11: +0,2.194,4870
Apr 10 2026 12: +0,2.2,5365
Apr 10 2026 13: +0,2.21,6256
Apr 10 2026 14: +0,2.231,6830
Apr 10 2026 15: +0,2.23,7316
Apr 10 2026 16: +0,2.241,9242
Apr 10 2026 17: +0,2.255,9155
Apr 10 2026 18: +0,2.253,9353
Apr 10 2026 19: +0,2.27,11238
Apr 10 2026 20: +0,2.27,10722
Apr 10 2026 21: +0,2.289,12145
Apr 10 2026 22: +0,2.29,11064
Apr 10 2026 23: +0,2.31,10215
Apr 11 2026 00: +0,2.322,9647
Apr 11 2026 01: +0,2.33,10052
Apr 11 2026 02: +0,2.34,9130
Apr 11 2026 03: +0,2.34,9773
Apr 11 2026 04: +0,2.34,8731
Apr 11 2026 05: +0,2.35,8849
Apr 11 2026 06: +0,2.36,7960
Apr 11 2026 07: +0,2.36,5950
Apr 11 2026 08: +0,2.309,5455
Apr 11 2026 09: +0,2.265,5292
Apr 11 2026 10: +0,2.26,5288
Apr 11 2026 11: +0,2.277,5251
Apr 11 2026 12: +0,2.263,5617
Apr 11 2026 13: +0,2.286,6334
Apr 11 2026 14: +0,2.276,6433
Apr 11 2026 15: +0,2.289,7226
Apr 11 2026 16: +0,2.302,8171
Apr 11 2026 17: +0,2.31,7855
Apr 11 2026 18: +0,2.322,9033
Apr 11 2026 19: +0,2.333,9452
Apr 11 2026 20: +0,2.342,10121
Apr 11 2026 21: +0,2.347,9739
Apr 11 2026 22: +0,2.357,8744
Apr 11 2026 23: +0,2.36,8261
Apr 12 2026 00: +0,2.37,7556
Apr 12 2026 01: +0,2.38,7081
Apr 12 2026 02: +0,2.39,8015
Apr 12 2026 03: +0,2.39,7678
Apr 12 2026 04: +0,2.39,7569
Apr 12 2026 05: +0,2.39,8146
Apr 12 2026 06: +0,2.39,6256
Apr 12 2026 07: +0,2.39,5232
Apr 12 2026 08: +0,2.356,5353
Apr 12 2026 09: +0,2.33,4731
Apr 12 2026 10: +0,2.279,4992
Apr 12 2026 11: +0,2.3,5142
Apr 12 2026 12: +0,2.292,5010
Apr 12 2026 13: +0,2.287,5460
Apr 12 2026 14: +0,2.316,6524
Apr 12 2026 15: +0,2.333,7291
Apr 12 2026 16: +0,2.345,7463
Apr 12 2026 17: +0,2.35,7135
Apr 12 2026 18: +0,2.357,8786
Apr 12 2026 19: +0,2.357,8484
Apr 12 2026 20: +0,2.362,8964
Apr 12 2026 21: +0,2.38,9384
Apr 12 2026 22: +0,2.38,7493
Apr 12 2026 23: +0,2.39,7057
Apr 13 2026 00: +0,2.392,7009
Apr 13 2026 01: +0,2.401,6268
Apr 13 2026 02: +0,2.41,6078
Apr 13 2026 03: +0,2.42,5992
Apr 13 2026 04: +0,2.415,5436
Apr 13 2026 05: +0,2.413,5142
Apr 13 2026 06: +0,2.41,4027
Apr 13 2026 07: +0,2.39,3619
Apr 13 2026 08: +0,2.323,4073
Apr 13 2026 09: +0,2.31,3899
Apr 13 2026 10: +0,2.311,4004
Apr 13 2026 11: +0,2.333,4333
Apr 13 2026 12: +0,2.34,4709
Apr 13 2026 13: +0,2.33,4521
Apr 13 2026 14: +0,2.324,4546
Apr 13 2026 15: +0,2.333,5501
Apr 13 2026 16: +0,2.357,7062
Apr 13 2026 17: +0,2.38,7573
Apr 13 2026 18: +0,2.389,6902
Apr 13 2026 19: +0,2.39,7894
Apr 13 2026 20: +0,2.392,7317
Apr 13 2026 21: +0,2.41,7400
Apr 13 2026 22: +0,2.39,7388
Apr 13 2026 23: +0,2.41,6323
Apr 14 2026 00: +0,2.42,6090
Apr 14 2026 01: +0,2.43,5886
Apr 14 2026 02: +0,2.43,5785
Apr 14 2026 03: +0,2.44,7973
Apr 14 2026 04: +0,2.44,5636
Apr 14 2026 05: +0,2.44,4909
Apr 14 2026 06: +0,2.439,3657
Apr 14 2026 07: +0,2.44,3954
Apr 14 2026 08: +0,2.35,3412
Apr 14 2026 09: +0,2.34,3203
Apr 14 2026 10: +0,2.34,3114
Apr 14 2026 11: +0,2.34,3563
Apr 14 2026 12: +0,2.351,4458
Apr 14 2026 13: +0,2.339,3532
Apr 14 2026 14: +0,2.374,5262
Apr 14 2026 15: +0,2.386,5716
Apr 14 2026 16: +0,2.409,6891
Apr 14 2026 17: +0,2.41,6683
Apr 14 2026 18: +0,2.417,6774
Apr 14 2026 19: +0,2.415,6864
Apr 14 2026 20: +0,2.421,7101
Apr 14 2026 21: +0,2.44,6550
Apr 14 2026 22: +0,2.44,7210
Apr 14 2026 23: +0,2.442,6319
Apr 15 2026 00: +0,2.45,5924
Apr 15 2026 01: +0,2.458,6436
Apr 15 2026 02: +0,2.444,6376
Apr 15 2026 03: +0,2.44,6354
Apr 15 2026 04: +0,2.44,5673
Apr 15 2026 05: +0,2.43,4729
Apr 15 2026 06: +0,2.415,4670
Apr 15 2026 07: +0,2.39,3682
Apr 15 2026 08: +0,2.295,4347
Apr 15 2026 09: +0,2.24,4698
Apr 15 2026 10: +0,2.247,5126
Apr 15 2026 11: +0,2.18,5081
Apr 15 2026 12: +0,2.164,5894
Apr 15 2026 13: +0,2.145,6258
Apr 15 2026 14: +0,2.15,7970
Apr 15 2026 15: +0,2.149,8064
Apr 15 2026 16: +0,2.182,9765
Apr 15 2026 17: +0,2.2,9839
Apr 15 2026 18: +0,2.206,10255
Apr 15 2026 19: +0,2.226,10445
Apr 15 2026 20: +0,2.229,9775
Apr 15 2026 21: +0,2.24,9283
Apr 15 2026 22: +0,2.27,9050
Apr 15 2026 23: +0,2.3,7160
Apr 16 2026 00: +0,2.34,6307
Apr 16 2026 01: +0,2.36,6869
Apr 16 2026 02: +0,2.37,6119
Apr 16 2026 03: +0,2.39,6430
Apr 16 2026 04: +0,2.402,5970
Apr 16 2026 05: +0,2.41,4772
Apr 16 2026 06: +0,2.41,4882
Apr 16 2026 07: +0,2.393,3880
Apr 16 2026 08: +0,2.33,4579
Apr 16 2026 09: +0,2.26,4089
Apr 16 2026 10: +0,2.26,4326
Apr 16 2026 11: +0,2.243,4331
Apr 16 2026 12: +0,2.201,4410
Apr 16 2026 13: +0,2.199,5136
Apr 16 2026 14: +0,2.22,6471
Apr 16 2026 15: +0,2.24,6832
Apr 16 2026 16: +0,2.24,7297
Apr 16 2026 17: +0,2.252,8041
Apr 16 2026 18: +0,2.24,7651
Apr 16 2026 19: +0,2.254,8960
Apr 16 2026 20: +0,2.291,9062
Apr 16 2026 21: +0,2.312,9496
Apr 16 2026 22: +0,2.33,7210
Apr 16 2026 23: +0,2.355,7798
Apr 17 2026 00: +0,2.37,6275
Apr 17 2026 01: +0,2.39,7030
Apr 17 2026 02: +0,2.39,6778
Apr 17 2026 03: +0,2.395,7162
Apr 17 2026 04: +0,2.41,6356
Apr 17 2026 05: +0,2.403,4943
Apr 17 2026 06: +0,2.41,4960
Apr 17 2026 07: +0,2.41,3878
Apr 17 2026 08: +0,2.35,4509
Apr 17 2026 09: +0,2.324,3816
Apr 17 2026 10: +0,2.294,3947
Apr 17 2026 11: +0,2.32,4668
Apr 17 2026 12: +0,2.332,5247
Apr 17 2026 13: +0,2.308,4816
Apr 17 2026 14: +0,2.289,5355
Apr 17 2026 15: +0,2.31,6700
Apr 17 2026 16: +0,2.355,8131
Apr 17 2026 17: +0,2.37,8007
Apr 17 2026 18: +0,2.367,8092
Apr 17 2026 19: +0,2.359,8177
Apr 17 2026 20: +0,2.355,9182
Apr 17 2026 21: +0,2.39,9454
Apr 17 2026 22: +0,2.382,9533
Apr 17 2026 23: +0,2.391,9018
Apr 18 2026 00: +0,2.42,8042
Apr 18 2026 01: +0,2.43,8337
Apr 18 2026 02: +0,2.436,8140
Apr 18 2026 03: +0,2.44,8802
Apr 18 2026 04: +0,2.43,8466
Apr 18 2026 05: +0,2.43,7119
Apr 18 2026 06: +0,2.44,6829
Apr 18 2026 07: +0,2.44,5931
Apr 18 2026 08: +0,2.363,4811
Apr 18 2026 09: +0,2.355,5343
Apr 18 2026 10: +0,2.332,5429
Apr 18 2026 11: +0,2.343,4949
Apr 18 2026 12: +0,2.332,4543
Apr 18 2026 13: +0,2.332,5341
Apr 18 2026 14: +0,2.32,5674
Apr 18 2026 15: +0,2.34,6118
Apr 18 2026 16: +0,2.36,6843
Apr 18 2026 17: +0,2.367,6975
Apr 18 2026 18: +0,2.38,7713
Apr 18 2026 19: +0,2.403,8133
Apr 18 2026 20: +0,2.41,8673
Apr 18 2026 21: +0,2.414,8240
Apr 18 2026 22: +0,2.423,8285
Apr 18 2026 23: +0,2.44,8002
Apr 19 2026 00: +0,2.449,6981
Apr 19 2026 01: +0,2.46,6370
Apr 19 2026 02: +0,2.45,6058
Apr 19 2026 03: +0,2.45,6233
Apr 19 2026 04: +0,2.44,7363
Apr 19 2026 05: +0,2.45,6573
Apr 19 2026 06: +0,2.45,5941
Apr 19 2026 07: +0,2.45,4954
Apr 19 2026 08: +0,2.398,5343
Apr 19 2026 09: +0,2.373,4526
Apr 19 2026 10: +0,2.367,4533
Apr 19 2026 11: +0,2.369,4750
Apr 19 2026 12: +0,2.308,4077
Apr 19 2026 13: +0,2.273,5387
Apr 19 2026 14: +0,2.284,5688
Apr 19 2026 15: +0,2.334,6413
Apr 19 2026 16: +0,2.34,5957
Apr 19 2026 17: +0,2.367,6695
Apr 19 2026 18: +0,2.348,6784
Apr 19 2026 19: +0,2.39,8412
Apr 19 2026 20: +0,2.401,8205
Apr 19 2026 21: +0,2.414,8149
Apr 19 2026 22: +0,2.426,6872
Apr 19 2026 23: +0,2.43,6251
Apr 20 2026 00: +0,2.42,5542
Apr 20 2026 01: +0,2.43,5827
Apr 20 2026 02: +0,2.44,5236
Apr 20 2026 03: +0,2.44,4923
Apr 20 2026 04: +0,2.44,4352
Apr 20 2026 05: +0,2.438,3707
Apr 20 2026 06: +0,2.45,4049
Apr 20 2026 07: +0,2.44,2868
Apr 20 2026 08: +0,2.389,3551
Apr 20 2026 09: +0,2.34,3064
Apr 20 2026 10: +0,2.35,3256
Apr 20 2026 11: +0,2.341,3424
Apr 20 2026 12: +0,2.332,3608
Apr 20 2026 13: +0,2.314,3534
Apr 20 2026 14: +0,2.332,4464
Apr 20 2026 15: +0,2.332,5078
Apr 20 2026 16: +0,2.367,5629
Apr 20 2026 17: +0,2.372,6321
Apr 20 2026 18: +0,2.391,7178
Apr 20 2026 19: +0,2.399,6875
Apr 20 2026 20: +0,2.391,7138
Apr 20 2026 21: +0,2.39,6632
Apr 20 2026 22: +0,2.41,5868
Apr 20 2026 23: +0,2.427,5896
Apr 21 2026 00: +0,2.43,5703
Apr 21 2026 01: +0,2.43,5200
Apr 21 2026 02: +0,2.435,5193
Apr 21 2026 03: +0,2.43,5664
Apr 21 2026 04: +0,2.42,4264
Apr 21 2026 05: +0,2.41,4373
Apr 21 2026 06: +0,2.41,3310
Apr 21 2026 07: +0,2.39,3436
Apr 21 2026 08: +0,2.342,3460
Apr 21 2026 09: +0,2.33,3135
Apr 21 2026 10: +0,2.318,3078
Apr 21 2026 11: +0,2.306,3028
Apr 21 2026 12: +0,2.33,4020
Apr 21 2026 13: +0,2.33,3795
Apr 21 2026 14: +0,2.313,4528
Apr 21 2026 15: +0,2.316,4438
Apr 21 2026 16: +0,2.33,5539
Apr 21 2026 17: +0,2.349,6170
Apr 21 2026 18: +0,2.377,7400
Apr 21 2026 19: +0,2.381,7263
Apr 21 2026 20: +0,2.377,6935
Apr 21 2026 21: +0,2.389,6323
Apr 21 2026 22: +0,2.401,6426
Apr 21 2026 23: +0,2.401,5359
Apr 22 2026 00: +0,2.41,6023
Apr 22 2026 01: +0,2.399,5416
Apr 22 2026 02: +0,2.36,5580
Apr 22 2026 03: +0,2.356,6064
